ID,date,storage_af,flag
ALM,2011-10,984823,
ALM,2011-11,942046,
ALM,2011-12,917188,
ALM,2012-01,935998,
ALM,2012-02,956721,
ALM,2012-03,1015619,
ALM,2012-04,1074285,
ALM,2012-05,1111946,
ALM,2012-06,1095597,
ALM,2012-07,1051522,
ALM,2012-08,1046252,
ALM,2012-09,1009119,
ALM,2012-10,947603,
ALM,2012-11,930214,
ALM,2012-12,981224,
ALM,2013-01,940280,
ALM,2013-02,927955,
ALM,2013-03,973279,
ALM,2013-04,997976,
ALM,2013-05,991778,
ALM,2013-06,959006,
ALM,2013-07,897534,
ALM,2013-08,835008,
ALM,2013-09,822631,
ALM,2013-10,798388,
ALM,2013-11,804597,
ALM,2013-12,804406,
ALM,2014-01,790737,
ALM,2014-02,822651,
ALM,2014-03,869067,
ALM,2014-04,899796,
ALM,2014-05,910000,
ALM,2014-06,871270,
ALM,2014-07,816766,
ALM,2014-08,774528,
ALM,2014-09,707182,
ALM,2014-10,693028,
ALM,2014-11,712024,
ALM,2014-12,772776,
ALM,2015-01,798428,
ALM,2015-02,853149,
ALM,2015-03,876824,
ALM,2015-04,885556,
ALM,2015-05,895553,
ALM,2015-06,869474,
ALM,2015-07,819159,
ALM,2015-08,755680,
ALM,2015-09,701373,
ALM,2015-10,685391,
ALM,2015-11,702503,
ALM,2015-12,736261,
ALM,2016-01,791322,
ALM,2016-02,833322,
ALM,2016-03,944824,
ALM,2016-04,1020309,
ALM,2016-05,1080668,
ALM,2016-06,1090257,
ALM,2016-07,1030499,
ALM,2016-08,971489,
ALM,2016-09,906718,
ALM,2016-10,894810,
ALM,2016-11,914192,
ALM,2016-12,975327,
ALM,2017-01,1022917,
ALM,2017-02,1105506,
ALM,2017-03,1050731,
ALM,2017-04,1051785,
ALM,2017-05,1062351,
ALM,2017-06,1104701,
ALM,2017-07,1059178,
ALM,2017-08,996167,
ALM,2017-09,958000,r
ALM,2017-10,922941,
ALM,2017-11,943308,
ALM,2017-12,935746,
ALM,2018-01,930214,
ALM,2018-02,950386,
ALM,2018-03,1003152,
ALM,2018-04,1076412,
ALM,2018-05,1103629,
ALM,2018-06,1094795,
ALM,2018-07,1053368,
ALM,2018-08,975583,
ALM,2018-09,886908,
ALM,2018-10,889621,
ALM,2018-11,913943,
ALM,2018-12,897782,
ALM,2019-01,902990,
ALM,2019-02,947351,
ALM,2019-03,956214,
ALM,2019-04,1029976,
ALM,2019-05,1089458,
ALM,2019-06,1095330,
ALM,2019-07,1045463,
ALM,2019-08,996684,
ALM,2019-09,954946,
ALM,2019-10,926000,r
ALM,2019-11,907000,r
ALM,2019-12,881000,r
ALM,2020-01,846000,r
ALM,2020-02,855000,r
ALM,2020-03,887000,r
ALM,2020-04,925000,r
ALM,2020-05,952000,r
ALM,2020-06,940000,r
ALM,2020-07,901000,r
ALM,2020-08,840000,r
ALM,2020-09,778000,r
ALM,2020-10,728000,r
ALM,2020-11,738000,r
ALM,2020-12,754000,r
ALM,2021-01,785000,r
ALM,2021-02,798000,r
ALM,2021-03,820000,r
ALM,2021-04,846000,r
ALM,2021-05,866000,r
ALM,2021-06,850000,r
ALM,2021-07,806000,r
ALM,2021-08,763000,r
ALM,2021-09,717000,r
ALM,2021-10,692000,r
ALM,2021-11,700000,r
ALM,2021-12,741000,r
ALM,2022-01,769000,r
ALM,2022-02,791000,r
ALM,2022-03,832000,r
ALM,2022-04,869000,r
ALM,2022-05,893000,r
ALM,2022-06,873000,r
ALM,2022-07,810000,r
ALM,2022-08,743000,r
ALM,2022-09,694000,r
ALM,2022-10,691000,r
ALM,2022-11,710000,r
ALM,2022-12,755000,r
ALM,2023-01,819000,r
ALM,2023-02,824000,r
ALM,2023-03,856000,r
ALM,2023-04,938000,r
ALM,2023-05,1080000,r
ALM,2023-06,1110000,r
ALM,2023-07,1060000,r
ALM,2023-08,1010000,r
ALM,2023-09,935000,r
ALM,2023-10,945000,r
ALM,2023-11,956000,r
ALM,2023-12,907000,r
ALM,2024-01,916000,r
ALM,2024-02,965000,r
ALM,2024-03,971000,r
ALM,2024-04,1060000,r
ALM,2024-05,1120000,r
ALM,2024-06,1110000,r
ALM,2024-07,1060000,r
ALM,2024-08,992000,r
ALM,2024-09,921000,r
ALM,2024-10,899000,r
ALM,2024-11,929000,r
ALM,2024-12,932000,r
ALM,2025-01,910000,r
ALM,2025-02,1000000,r
ALM,2025-03,1010000,r
ALM,2025-04,1060000,r
ALM,2025-05,1080000,r
ALM,2025-06,1050000,r
ALM,2025-07,1000000,r
ALM,2025-08,938000,r
ALM,2025-09,878000,r
ALM,2025-10,867762,
ALM,2025-11,865320,
ALM,2025-12,940028,
ALM,2026-01,948362,
ALM,2026-02,976095,
ALM,2026-03,1003412,
ALM,2026-04,1055743,
ALM,2026-05,1075348,
ALM,2026-06,1068975,
ALM,2026-07,1030761,
ALM,2026-08,976624,
ALM,2026-09,925714,
BCL,2011-10,89795,
BCL,2011-11,77069,
BCL,2011-12,70181,
BCL,2012-01,73372,
BCL,2012-02,75763,
BCL,2012-03,85493,
BCL,2012-04,98028,
BCL,2012-05,103099,
BCL,2012-06,98876,
BCL,2012-07,89307,
BCL,2012-08,79398,
BCL,2012-09,68211,
BCL,2012-10,65094,
BCL,2012-11,66369,
BCL,2012-12,79097,
BCL,2013-01,81210,
BCL,2013-02,74811,
BCL,2013-03,78697,
BCL,2013-04,88735,
BCL,2013-05,92722,
BCL,2013-06,91280,
BCL,2013-07,83750,
BCL,2013-08,75664,
BCL,2013-09,69442,
BCL,2013-10,61747,
BCL,2013-11,54209,
BCL,2013-12,51840,
BCL,2014-01,52124,
BCL,2014-02,56513,
BCL,2014-03,65236,
BCL,2014-04,70875,
BCL,2014-05,72144,
BCL,2014-06,71001,
BCL,2014-07,68659,
BCL,2014-08,67209,
BCL,2014-09,66718,
BCL,2014-10,65252,
BCL,2014-11,61285,
BCL,2014-12,70028,
BCL,2015-01,70053,
BCL,2015-02,82985,
BCL,2015-03,86265,
BCL,2015-04,88290,
BCL,2015-05,88510,
BCL,2015-06,82611,
BCL,2015-07,79481,
BCL,2015-08,73486,
BCL,2015-09,72508,
BCL,2015-10,70889,
BCL,2015-11,64810,
BCL,2015-12,65220,
BCL,2016-01,69854,
BCL,2016-02,72411,
BCL,2016-03,93906,
BCL,2016-04,104368,
BCL,2016-05,103888,
BCL,2016-06,102219,
BCL,2016-07,95380,
BCL,2016-08,86161,
BCL,2016-09,82139,
BCL,2016-10,82139,
BCL,2016-11,76705,
BCL,2016-12,82594,
BCL,2017-01,92475,
BCL,2017-02,102494,
BCL,2017-03,102384,
BCL,2017-04,103081,
BCL,2017-05,103795,
BCL,2017-06,101179,
BCL,2017-07,93410,
BCL,2017-08,81126,
BCL,2017-09,79230,
BCL,2017-10,74105,
BCL,2017-11,75779,
BCL,2017-12,68978,
BCL,2018-01,69169,
BCL,2018-02,69233,
BCL,2018-03,80940,
BCL,2018-04,97328,
BCL,2018-05,102421,
BCL,2018-06,100852,
BCL,2018-07,91544,
BCL,2018-08,82054,
BCL,2018-09,76076,
BCL,2018-10,72589,
BCL,2018-11,74203,
BCL,2018-12,75861,
BCL,2019-01,83767,
BCL,2019-02,96080,
BCL,2019-03,102989,
BCL,2019-04,103686,
BCL,2019-05,103227,
BCL,2019-06,99834,
BCL,2019-07,96288,
BCL,2019-08,88926,
BCL,2019-09,80923,
BCL,2019-10,69763,
BCL,2019-11,57094,
BCL,2019-12,52851,
BCL,2020-01,52942,
BCL,2020-02,53718,
BCL,2020-03,57863,
BCL,2020-04,65456,
BCL,2020-05,74252,
BCL,2020-06,75779,
BCL,2020-07,75418,
BCL,2020-08,74729,
BCL,2020-09,74236,
BCL,2020-10,73975,
BCL,2020-11,70020,
BCL,2020-12,70905,
BCL,2021-01,70583,
BCL,2021-02,72265,
BCL,2021-03,74794,
BCL,2021-04,79515,
BCL,2021-05,82866,
BCL,2021-06,82611,
BCL,2021-07,80671,
BCL,2021-08,77432,
BCL,2021-09,74400,
BCL,2021-10,77449,
BCL,2021-11,78165,
BCL,2021-12,83036,
BCL,2022-01,83903,
BCL,2022-02,85082,
BCL,2022-03,89848,
BCL,2022-04,99617,
BCL,2022-05,103008,
BCL,2022-06,102274,
BCL,2022-07,98496,
BCL,2022-08,91526,
BCL,2022-09,85442,
BCL,2022-10,81159,
BCL,2022-11,76639,
BCL,2022-12,82004,
BCL,2023-01,85270,
BCL,2023-02,84928,
BCL,2023-03,85168,
BCL,2023-04,83325,
BCL,2023-05,103521,
BCL,2023-06,100961,
BCL,2023-07,94791,
BCL,2023-08,91249,
BCL,2023-09,88943,
BCL,2023-10,85664,
BCL,2023-11,79230,
BCL,2023-12,77019,
BCL,2024-01,80437,
BCL,2024-02,78131,
BCL,2024-03,74548,
BCL,2024-04,88284,
BCL,2024-05,100433,
BCL,2024-06,95183,
BCL,2024-07,89117,
BCL,2024-08,86523,
BCL,2024-09,83869,
BCL,2024-10,78714,
BCL,2024-11,79867,
BCL,2024-12,76126,
BCL,2025-01,71682,
BCL,2025-02,81159,
BCL,2025-03,79850,
BCL,2025-04,94455,
BCL,2025-05,101544,
BCL,2025-06,97579,
BCL,2025-07,95380,
BCL,2025-08,84551,
BCL,2025-09,74663,
BCL,2025-10,75714,
BCL,2025-11,74057,
BCL,2025-12,84962,
BCL,2026-01,92511,
BCL,2026-02,91473,
BCL,2026-03,91702,
BCL,2026-04,100651,
BCL,2026-05,95094,
BCL,2026-06,93039,
BCL,2026-07,87643,
BCL,2026-08,76574,
BCL,2026-09,64544,
BER,2011-10,1290184,
BER,2011-11,1287905,
BER,2011-12,1276015,
BER,2012-01,1289132,
BER,2012-02,1286328,
BER,2012-03,1366497,
BER,2012-04,1393276,
BER,2012-05,1360409,
BER,2012-06,1315561,
BER,2012-07,1267829,
BER,2012-08,1224029,
BER,2012-09,1194273,
BER,2012-10,1177928,
BER,2012-11,1209362,
BER,2012-12,1367751,
BER,2013-01,1381933,
BER,2013-02,1380315,
BER,2013-03,1361125,
BER,2013-04,1336145,
BER,2013-05,1296507,
BER,2013-06,1251880,
BER,2013-07,1201891,
BER,2013-08,1163858,
BER,2013-09,1137274,
BER,2013-10,1119977,
BER,2013-11,1110143,
BER,2013-12,1100833,
BER,2014-01,1085550,
BER,2014-02,1105403,
BER,2014-03,1111780,r
BER,2014-04,1110143,
BER,2014-05,1073903,
BER,2014-06,1025942,
BER,2014-07,976122,
BER,2014-08,937843,
BER,2014-09,908936,
BER,2014-10,892329,
BER,2014-11,884895,
BER,2014-12,1001206,
BER,2015-01,1000276,
BER,2015-02,1061665,
BER,2015-03,1051085,
BER,2015-04,1026575,
BER,2015-05,990898,
BER,2015-06,948997,
BER,2015-07,903385,
BER,2015-08,867017,
BER,2015-09,838709,
BER,2015-10,824438,
BER,2015-11,816987,
BER,2015-12,821569,
BER,2016-01,891733,
BER,2016-02,897998,
BER,2016-03,1044695,
BER,2016-04,1039436,
BER,2016-05,1012209,
BER,2016-06,972404,
BER,2016-07,929174,
BER,2016-08,891882,
BER,2016-09,864518,
BER,2016-10,863931,
BER,2016-11,871140,
BER,2016-12,930996,
BER,2017-01,1331744,
BER,2017-02,1587711,
BER,2017-03,1562918,
BER,2017-04,1555447,
BER,2017-05,1535040,
BER,2017-06,1502705,
BER,2017-07,1458280,
BER,2017-08,1422629,
BER,2017-09,1394898,
BER,2017-10,1374567,
BER,2017-11,1374567,
BER,2017-12,1367017,
BER,2018-01,1386953,
BER,2018-02,1383711,
BER,2018-03,1433022,
BER,2018-04,1437955,
BER,2018-05,1411702,
BER,2018-06,1372413,
BER,2018-07,1329390,
BER,2018-08,1290184,
BER,2018-09,1262964,
BER,2018-10,1242564,
BER,2018-11,1240263,
BER,2018-12,1242220,
BER,2019-01,1340971,
BER,2019-02,1625628,
BER,2019-03,1577243,
BER,2019-04,1553180,
BER,2019-05,1550160,
BER,2019-06,1517095,
BER,2019-07,1475876,
BER,2019-08,1438207,
BER,2019-09,1408445,
BER,2019-10,1384631,
BER,2019-11,1376721,
BER,2019-12,1413693,
BER,2020-01,1424935,
BER,2020-02,1423846,
BER,2020-03,1412788,
BER,2020-04,1393997,
BER,2020-05,1362736,
BER,2020-06,1317956,
BER,2020-07,1268177,
BER,2020-08,1229680,
BER,2020-09,1200535,
BER,2020-10,1173900,
BER,2020-11,1162355,
BER,2020-12,1157185,
BER,2021-01,1157685,
BER,2021-02,1155711,
BER,2021-03,1143556,
BER,2021-04,1110867,
BER,2021-05,1070999,
BER,2021-06,1026829,
BER,2021-07,978294,
BER,2021-08,939977,
BER,2021-09,909687,
BER,2021-10,939977,r
BER,2021-11,937386,r
BER,2021-12,1015201,r
BER,2022-01,1031013,r
BER,2022-02,1028635,r
BER,2022-03,1012838,r
BER,2022-04,996052,r
BER,2022-05,966993,r
BER,2022-06,930388,r
BER,2022-07,884153,r
BER,2022-08,846543,r
BER,2022-09,818704,r
BER,2022-10,797373,
BER,2022-11,789506,
BER,2022-12,819706,
BER,2023-01,1062767,
BER,2023-02,1097248,
BER,2023-03,1352365,
BER,2023-04,1384091,
BER,2023-05,1372034,
BER,2023-06,1344693,
BER,2023-07,1307253,
BER,2023-08,1269991,
BER,2023-09,1243188,
BER,2023-10,1224484,
BER,2023-11,1219074,
BER,2023-12,1233624,
BER,2024-01,1294925,
BER,2024-02,1483956,
BER,2024-03,1548839,
BER,2024-04,1547071,
BER,2024-05,1524582,
BER,2024-06,1483980,
BER,2024-07,1434022,
BER,2024-08,1393807,
BER,2024-09,1363094,
BER,2024-10,1336857,
BER,2024-11,1404474,
BER,2024-12,1484141,
BER,2025-01,1498260,
BER,2025-02,1571925,
BER,2025-03,1565098,
BER,2025-04,1550726,
BER,2025-05,1521211,
BER,2025-06,1479736,
BER,2025-07,1433294,
BER,2025-08,1394709,
BER,2025-09,1364526,
BER,2025-10,1348795,
BER,2025-11,1347547,
BER,2025-12,1398326,
BER,2026-01,1491201,
BER,2026-02,1533589,
BER,2026-03,1533025,
BER,2026-04,1529788,
BER,2026-05,1502912,
BER,2026-06,1459778,
BER,2026-07,1414267,
BER,2026-08,1373490,
BER,2026-09,1343282,
BLB,2011-10,43417,
BLB,2011-11,42544,
BLB,2011-12,36807,
BLB,2012-01,36606,
BLB,2012-02,37719,
BLB,2012-03,77790,
BLB,2012-04,115148,
BLB,2012-05,101169,
BLB,2012-06,76611,
BLB,2012-07,55096,
BLB,2012-08,33709,
BLB,2012-09,29222,
BLB,2012-10,19625,
BLB,2012-11,27954,
BLB,2012-12,35296,
BLB,2013-01,43665,
BLB,2013-02,46173,
BLB,2013-03,47520,
BLB,2013-04,47187,
BLB,2013-05,47329,
BLB,2013-06,46997,
BLB,2013-07,44164,
BLB,2013-08,41071,
BLB,2013-09,29118,
BLB,2013-10,17897,
BLB,2013-11,16419,
BLB,2013-12,14932,
BLB,2014-01,13560,
BLB,2014-02,18636,
BLB,2014-03,47782,
BLB,2014-04,78251,
BLB,2014-05,85197,
BLB,2014-06,69813,
BLB,2014-07,56499,
BLB,2014-08,44347,
BLB,2014-09,36586,
BLB,2014-10,28912,
BLB,2014-11,29118,
BLB,2014-12,41224,
BLB,2015-01,41224,
BLB,2015-02,58418,
BLB,2015-03,60524,
BLB,2015-04,67975,
BLB,2015-05,69658,
BLB,2015-06,73963,
BLB,2015-07,61540,
BLB,2015-08,46737,
BLB,2015-09,35848,
BLB,2015-10,26822,
BLB,2015-11,26633,
BLB,2015-12,36887,
BLB,2016-01,37986,
BLB,2016-02,49377,
BLB,2016-03,72405,
BLB,2016-04,85783,
BLB,2016-05,84784,
BLB,2016-06,74379,
BLB,2016-07,57143,
BLB,2016-08,41464,
BLB,2016-09,34419,
BLB,2016-10,31176,
BLB,2016-11,36305,
BLB,2016-12,32315,
BLB,2017-01,33996,
BLB,2017-02,41507,
BLB,2017-03,73324,
BLB,2017-04,108813,
BLB,2017-05,113040,
BLB,2017-06,101393,
BLB,2017-07,77691,
BLB,2017-08,55994,
BLB,2017-09,41749,
BLB,2017-10,31559,
BLB,2017-11,33234,
BLB,2017-12,35080,
BLB,2018-01,37986,
BLB,2018-02,38151,
BLB,2018-03,48214,
BLB,2018-04,77036,
BLB,2018-05,65131,
BLB,2018-06,58857,
BLB,2018-07,46667,
BLB,2018-08,40188,
BLB,2018-09,28020,
BLB,2018-10,22497,
BLB,2018-11,22033,
BLB,2018-12,23366,
BLB,2019-01,32857,
BLB,2019-02,101094,
BLB,2019-03,57846,
BLB,2019-04,113317,
BLB,2019-05,131383,
BLB,2019-06,118369,
BLB,2019-07,90510,
BLB,2019-08,61825,
BLB,2019-09,44736,
BLB,2019-10,31158,
BLB,2019-11,29118,
BLB,2019-12,33576,
BLB,2020-01,35374,
BLB,2020-02,37515,
BLB,2020-03,40316,
BLB,2020-04,53075,
BLB,2020-05,58802,
BLB,2020-06,59188,
BLB,2020-07,52666,
BLB,2020-08,37190,
BLB,2020-09,24408,
BLB,2020-10,18384,
BLB,2020-11,18452,
BLB,2020-12,18235,
BLB,2021-01,22484,
BLB,2021-02,29798,
BLB,2021-03,34053,
BLB,2021-04,44256,
BLB,2021-05,49158,
BLB,2021-06,37597,
BLB,2021-07,30473,
BLB,2021-08,18787,
BLB,2021-09,18111,
BLB,2021-10,30491,
BLB,2021-11,36345,
BLB,2021-12,48238,
BLB,2022-01,40338,
BLB,2022-02,45916,
BLB,2022-03,47998,
BLB,2022-04,66109,
BLB,2022-05,74991,
BLB,2022-06,77987,
BLB,2022-07,63521,
BLB,2022-08,48310,
BLB,2022-09,39889,
BLB,2022-10,29205,
BLB,2022-11,29921,
BLB,2022-12,54417,
BLB,2023-01,40353,
BLB,2023-02,42522,
BLB,2023-03,48988,
BLB,2023-04,120692,
BLB,2023-05,130740,
BLB,2023-06,123745,
BLB,2023-07,95389,
BLB,2023-08,61711,
BLB,2023-09,45660,
BLB,2023-10,39233,
BLB,2023-11,35041,
BLB,2023-12,38048,
BLB,2024-01,35552,
BLB,2024-02,42411,
BLB,2024-03,94664,
BLB,2024-04,122668,
BLB,2024-05,129971,
BLB,2024-06,112606,
BLB,2024-07,84990,
BLB,2024-08,55676,
BLB,2024-09,36646,
BLB,2024-10,26182,
BLB,2024-11,40145,
BLB,2024-12,53023,
BLB,2025-01,37576,
BLB,2025-02,50409,
BLB,2025-03,93222,
BLB,2025-04,131640,
BLB,2025-05,123911,
BLB,2025-06,104480,
BLB,2025-07,81619,
BLB,2025-08,59382,
BLB,2025-09,41771,
BLB,2025-10,41749,
BLB,2025-11,37760,
BLB,2025-12,40985,
BLB,2026-01,38772,
BLB,2026-02,73547,
BLB,2026-03,82362,
BLB,2026-04,101917,
BLB,2026-05,96116,
BLB,2026-06,80711,
BLB,2026-07,62196,
BLB,2026-08,44301,
BLB,2026-09,27125,
BUL,2011-10,688133,
BUL,2011-11,665965,
BUL,2011-12,643088,
BUL,2012-01,648858,
BUL,2012-02,650976,
BUL,2012-03,817167,
BUL,2012-04,930228,
BUL,2012-05,946445,
BUL,2012-06,895539,
BUL,2012-07,790090,
BUL,2012-08,675662,
BUL,2012-09,628020,
BUL,2012-10,588353,
BUL,2012-11,623424,
BUL,2012-12,793291,
BUL,2013-01,778658,
BUL,2013-02,774422,
BUL,2013-03,804629,
BUL,2013-04,835960,
BUL,2013-05,788113,
BUL,2013-06,738555,
BUL,2013-07,653914,
BUL,2013-08,577203,
BUL,2013-09,549808,
BUL,2013-10,504897,
BUL,2013-11,460880,r
BUL,2013-12,431288,
BUL,2014-01,404486,
BUL,2014-02,481008,
BUL,2014-03,600640,
BUL,2014-04,670314,
BUL,2014-05,644872,
BUL,2014-06,591279,
BUL,2014-07,512858,
BUL,2014-08,445395,
BUL,2014-09,418880,
BUL,2014-10,389977,
BUL,2014-11,389977,
BUL,2014-12,484892,
BUL,2015-01,502942,
BUL,2015-02,595707,
BUL,2015-03,601769,
BUL,2015-04,585744,
BUL,2015-05,558043,
BUL,2015-06,515357,
BUL,2015-07,462055,
BUL,2015-08,421546,
BUL,2015-09,396336,
BUL,2015-10,364043,
BUL,2015-11,343543,
BUL,2015-12,394648,
BUL,2016-01,582040,
BUL,2016-02,684630,
BUL,2016-03,816008,
BUL,2016-04,880655,
BUL,2016-05,901286,
BUL,2016-06,822324,
BUL,2016-07,740464,
BUL,2016-08,676992,
BUL,2016-09,644928,
BUL,2016-10,640400,r
BUL,2016-11,669160,
BUL,2016-12,775024,
BUL,2017-01,788639,
BUL,2017-02,780800,r
BUL,2017-03,805119,
BUL,2017-04,894738,
BUL,2017-05,941515,
BUL,2017-06,960490,
BUL,2017-07,835894,
BUL,2017-08,725850,
BUL,2017-09,691373,
BUL,2017-10,649657,
BUL,2017-11,714424,
BUL,2017-12,701927,
BUL,2018-01,758599,
BUL,2018-02,770402,
BUL,2018-03,868393,
BUL,2018-04,931726,
BUL,2018-05,888614,
BUL,2018-06,805076,
BUL,2018-07,724893,
BUL,2018-08,652221,
BUL,2018-09,619823,
BUL,2018-10,578256,
BUL,2018-11,552001,
BUL,2018-12,543268,
BUL,2019-01,651143,
BUL,2019-02,762286,
BUL,2019-03,804159,
BUL,2019-04,921424,
BUL,2019-05,948985,
BUL,2019-06,933366,
BUL,2019-07,835807,
BUL,2019-08,721548,
BUL,2019-09,687709,
BUL,2019-10,645873,
BUL,2019-11,607483,
BUL,2019-12,635026,
BUL,2020-01,645539,
BUL,2020-02,653728,
BUL,2020-03,679579,
BUL,2020-04,805845,
BUL,2020-05,878084,
BUL,2020-06,845032,
BUL,2020-07,761688,
BUL,2020-08,667949,
BUL,2020-09,632176,
BUL,2020-10,578998,
BUL,2020-11,544881,
BUL,2020-12,521607,
BUL,2021-01,518182,
BUL,2021-02,547612,
BUL,2021-03,573069,
BUL,2021-04,582820,
BUL,2021-05,562295,
BUL,2021-06,518696,
BUL,2021-07,466367,
BUL,2021-08,424430,
BUL,2021-09,396036,
BUL,2021-10,425341,
BUL,2021-11,441810,
BUL,2021-12,535627,
BUL,2022-01,628476,
BUL,2022-02,663134,
BUL,2022-03,705351,
BUL,2022-04,817059,
BUL,2022-05,864761,
BUL,2022-06,848973,
BUL,2022-07,764430,
BUL,2022-08,679008,
BUL,2022-09,633820,
BUL,2022-10,594071,
BUL,2022-11,556758,
BUL,2022-12,658443,
BUL,2023-01,784963,
BUL,2023-02,791290,
BUL,2023-03,806677,
BUL,2023-04,871085,
BUL,2023-05,954814,
BUL,2023-06,951909,
BUL,2023-07,843083,
BUL,2023-08,728743,
BUL,2023-09,700565,
BUL,2023-10,666626,
BUL,2023-11,635245,
BUL,2023-12,625967,
BUL,2024-01,693613,
BUL,2024-02,788828,
BUL,2024-03,841464,
BUL,2024-04,926954,
BUL,2024-05,959344,
BUL,2024-06,903236,
BUL,2024-07,798356,
BUL,2024-08,698471,
BUL,2024-09,649805,
BUL,2024-10,604491,
BUL,2024-11,616714,
BUL,2024-12,727625,
BUL,2025-01,764306,
BUL,2025-02,830884,
BUL,2025-03,848178,
BUL,2025-04,912666,
BUL,2025-05,957817,
BUL,2025-06,902868,
BUL,2025-07,790764,
BUL,2025-08,695876,
BUL,2025-09,648599,
BUL,2025-10,611265,
BUL,2025-11,594634,
BUL,2025-12,747942,
BUL,2026-01,799772,
BUL,2026-02,814335,
BUL,2026-03,857983,
BUL,2026-04,936367,
BUL,2026-05,912804,
BUL,2026-06,862737,
BUL,2026-07,800956,
BUL,2026-08,737933,
BUL,2026-09,694193,
CAS,2011-10,278295,
CAS,2011-11,283043,
CAS,2011-12,277131,
CAS,2012-01,283869,
CAS,2012-02,290368,
CAS,2012-03,292553,
CAS,2012-04,296359,
CAS,2012-05,308036,
CAS,2012-06,299104,
CAS,2012-07,284201,
CAS,2012-08,273737,
CAS,2012-09,264266,
CAS,2012-10,238029,
CAS,2012-11,257062,
CAS,2012-12,291312,
CAS,2013-01,286525,
CAS,2013-02,284532,
CAS,2013-03,283311,
CAS,2013-04,284201,
CAS,2013-05,274304,
CAS,2013-06,254815,
CAS,2013-07,292048,
CAS,2013-08,285382,
CAS,2013-09,284946,
CAS,2013-10,277539,
CAS,2013-11,273575,
CAS,2013-12,287691,
CAS,2014-01,278786,
CAS,2014-02,272605,
CAS,2014-03,268500,
CAS,2014-04,249928,
CAS,2014-05,202688,
CAS,2014-06,154266,
CAS,2014-07,155212,
CAS,2014-08,134066,
CAS,2014-09,108491,
CAS,2014-10,98394,
CAS,2014-11,98394,
CAS,2014-12,119376,
CAS,2015-01,114057,
CAS,2015-02,98394,
CAS,2015-03,93255,
CAS,2015-04,100060,
CAS,2015-05,112652,
CAS,2015-06,110498,
CAS,2015-07,127118,
CAS,2015-08,119245,
CAS,2015-09,114442,
CAS,2015-10,104169,
CAS,2015-11,108117,
CAS,2015-12,129984,
CAS,2016-01,111003,
CAS,2016-02,84077,
CAS,2016-03,133578,
CAS,2016-04,177568,
CAS,2016-05,203882,
CAS,2016-06,246297,
CAS,2016-07,247773,
CAS,2016-08,244444,
CAS,2016-09,232001,
CAS,2016-10,226239,
CAS,2016-11,204195,
CAS,2016-12,183407,
CAS,2017-01,260207,
CAS,2017-02,300899,
CAS,2017-03,300065,
CAS,2017-04,300706,
CAS,2017-05,310102,
CAS,2017-06,310975,
CAS,2017-07,305243,
CAS,2017-08,294960,
CAS,2017-09,282981,
CAS,2017-10,280016,
CAS,2017-11,270168,
CAS,2017-12,258258,
CAS,2018-01,254503,
CAS,2018-02,261628,
CAS,2018-03,291333,
CAS,2018-04,283084,
CAS,2018-05,290578,
CAS,2018-06,288004,
CAS,2018-07,282795,
CAS,2018-08,284698,
CAS,2018-09,279749,
CAS,2018-10,262123,
CAS,2018-11,262737,
CAS,2018-12,257886,
CAS,2019-01,243853,
CAS,2019-02,259872,
CAS,2019-03,282258,
CAS,2019-04,299701,
CAS,2019-05,301392,
CAS,2019-06,307190,
CAS,2019-07,302486,
CAS,2019-08,285901,
CAS,2019-09,290431,
CAS,2019-10,279811,
CAS,2019-11,251454,
CAS,2019-12,254308,
CAS,2020-01,233263,
CAS,2020-02,253666,
CAS,2020-03,285424,
CAS,2020-04,295172,
CAS,2020-05,299488,
CAS,2020-06,304229,
CAS,2020-07,303690,
CAS,2020-08,292153,
CAS,2020-09,290766,
CAS,2020-10,258691,
CAS,2020-11,241632,
CAS,2020-12,252947,
CAS,2021-01,252637,
CAS,2021-02,248580,
CAS,2021-03,249157,
CAS,2021-04,248637,
CAS,2021-05,213060,
CAS,2021-06,171995,
CAS,2021-07,127729,
CAS,2021-08,90730,
CAS,2021-09,90232,
CAS,2021-10,95456,
CAS,2021-11,99106,
CAS,2021-12,149448,
CAS,2022-01,185195,
CAS,2022-02,197878,
CAS,2022-03,183931,
CAS,2022-04,171837,
CAS,2022-05,137491,
CAS,2022-06,114545,
CAS,2022-07,109292,
CAS,2022-08,112372,
CAS,2022-09,116934,
CAS,2022-10,110990,
CAS,2022-11,115356,
CAS,2022-12,137760,
CAS,2023-01,185754,
CAS,2023-02,189998,
CAS,2023-03,268079,
CAS,2023-04,307060,
CAS,2023-05,311761,
CAS,2023-06,306713,
CAS,2023-07,301649,
CAS,2023-08,307775,
CAS,2023-09,305394,
CAS,2023-10,287879,
CAS,2023-11,255029,
CAS,2023-12,248522,
CAS,2024-01,249042,
CAS,2024-02,257101,
CAS,2024-03,258376,
CAS,2024-04,267719,
CAS,2024-05,302336,
CAS,2024-06,302593,
CAS,2024-07,304638,
CAS,2024-08,291964,
CAS,2024-09,275360,
CAS,2024-10,251900,
CAS,2024-11,254269,
CAS,2024-12,245035,
CAS,2025-01,250758,
CAS,2025-02,252831,
CAS,2025-03,258376,
CAS,2025-04,274000,
CAS,2025-05,311106,
CAS,2025-06,303303,
CAS,2025-07,310734,
CAS,2025-08,285860,
CAS,2025-09,263829,
CAS,2025-10,269605,
CAS,2025-11,248868,
CAS,2025-12,258023,
CAS,2026-01,253200,
CAS,2026-02,264505,
CAS,2026-03,267579,
CAS,2026-04,274710,
CAS,2026-05,297038,
CAS,2026-06,305048,
CAS,2026-07,306605,
CAS,2026-08,307016,
CAS,2026-09,306951,
CHV,2011-10,257560,
CHV,2011-11,249172,
CHV,2011-12,242310,
CHV,2012-01,253165,
CHV,2012-02,253692,
CHV,2012-03,252110,
CHV,2012-04,265822,
CHV,2012-05,269355,
CHV,2012-06,267053,
CHV,2012-07,254747,
CHV,2012-08,244369,
CHV,2012-09,238022,
CHV,2012-10,231403,
CHV,2012-11,243000,r
CHV,2012-12,247800,
CHV,2013-01,243854,
CHV,2013-02,240252,
CHV,2013-03,237164,
CHV,2013-04,250888,
CHV,2013-05,262306,
CHV,2013-06,261955,
CHV,2013-07,252286,
CHV,2013-08,243683,
CHV,2013-09,240766,
CHV,2013-10,232406,
CHV,2013-11,222049,
CHV,2013-12,220044,
CHV,2014-01,203700,
CHV,2014-02,208745,
CHV,2014-03,225389,
CHV,2014-04,240938,
CHV,2014-05,234591,
CHV,2014-06,222884,
CHV,2014-07,210535,
CHV,2014-08,192669,
CHV,2014-09,180855,
CHV,2014-10,176823,
CHV,2014-11,170621,
CHV,2014-12,181900,r
CHV,2015-01,168483,
CHV,2015-02,190761,
CHV,2015-03,188217,
CHV,2015-04,192669,
CHV,2015-05,198234,
CHV,2015-06,196485,
CHV,2015-07,161987,
CHV,2015-08,141534,
CHV,2015-09,99200,r
CHV,2015-10,76057,
CHV,2015-11,76554,
CHV,2015-12,92919,
CHV,2016-01,94217,
CHV,2016-02,124155,
CHV,2016-03,155945,
CHV,2016-04,181475,
CHV,2016-05,234762,
CHV,2016-06,271169,
CHV,2016-07,256329,
CHV,2016-08,230563,
CHV,2016-09,211512,
CHV,2016-10,230568,
CHV,2016-11,232238,
CHV,2016-12,242139,
CHV,2017-01,227895,
CHV,2017-02,238022,
CHV,2017-03,220712,
CHV,2017-04,182560,
CHV,2017-05,199029,
CHV,2017-06,23355,
CHV,2017-07,126251,
CHV,2017-08,49796,
CHV,2017-09,12704,
CHV,2017-10,5940,
CHV,2017-11,22941,
CHV,2017-12,6144,
CHV,2018-01,38586,
CHV,2018-02,48075,
CHV,2018-03,118191,
CHV,2018-04,205002,
CHV,2018-05,231403,
CHV,2018-06,255274,
CHV,2018-07,235105,
CHV,2018-08,224554,
CHV,2018-09,223051,
CHV,2018-10,221046,
CHV,2018-11,217046,
CHV,2018-12,210047,
CHV,2019-01,217872,
CHV,2019-02,211838,
CHV,2019-03,197916,
CHV,2019-04,204026,
CHV,2019-05,219710,
CHV,2019-06,269536,
CHV,2019-07,259318,
CHV,2019-08,237850,
CHV,2019-09,228563,
CHV,2019-10,214400,r
CHV,2019-11,215300,r
CHV,2019-12,220600,r
CHV,2020-01,219900,r
CHV,2020-02,222100,r
CHV,2020-03,225300,r
CHV,2020-04,251800,r
CHV,2020-05,267600,r
CHV,2020-06,265100,r
CHV,2020-07,251400,r
CHV,2020-08,223100,r
CHV,2020-09,206400,r
CHV,2020-10,203500,r
CHV,2020-11,192200,r
CHV,2020-12,194900,r
CHV,2021-01,192100,r
CHV,2021-02,194800,r
CHV,2021-03,196800,r
CHV,2021-04,231300,r
CHV,2021-05,266300,r
CHV,2021-06,252200,r
CHV,2021-07,220900,r
CHV,2021-08,201500,r
CHV,2021-09,199800,r
CHV,2021-10,239600,r
CHV,2021-11,241700,r
CHV,2021-12,246500,r
CHV,2022-01,239900,r
CHV,2022-02,225200,r
CHV,2022-03,234400,r
CHV,2022-04,253700,r
CHV,2022-05,270400,r
CHV,2022-06,264000,r
CHV,2022-07,252200,r
CHV,2022-08,239700,r
CHV,2022-09,243400,r
CHV,2022-10,241900,r
CHV,2022-11,244900,r
CHV,2022-12,234700,r
CHV,2023-01,225100,r
CHV,2023-02,201700,r
CHV,2023-03,181800,r
CHV,2023-04,175700,r
CHV,2023-05,199600,r
CHV,2023-06,257100,r
CHV,2023-07,267100,r
CHV,2023-08,256500,r
CHV,2023-09,247700,r
CHV,2023-10,249900,r
CHV,2023-11,250300,r
CHV,2023-12,253100,r
CHV,2024-01,250300,r
CHV,2024-02,247200,r
CHV,2024-03,241800,r
CHV,2024-04,256700,r
CHV,2024-05,266900,r
CHV,2024-06,269700,r
CHV,2024-07,258100,r
CHV,2024-08,243700,r
CHV,2024-09,241500,r
CHV,2024-10,244200,r
CHV,2024-11,246300,r
CHV,2024-12,253700,r
CHV,2025-01,248600,r
CHV,2025-02,245800,r
CHV,2025-03,245300,r
CHV,2025-04,256700,r
CHV,2025-05,270500,r
CHV,2025-06,265700,r
CHV,2025-07,254100,r
CHV,2025-08,241900,r
CHV,2025-09,244500,r
CHV,2025-10,253516,
CHV,2025-11,252989,
CHV,2025-12,235448,
CHV,2026-01,244712,
CHV,2026-02,239737,
CHV,2026-03,258263,
CHV,2026-04,260900,
CHV,2026-05,266350,
CHV,2026-06,263889,
CHV,2026-07,251407,
CHV,2026-08,240080,
CHV,2026-09,237164,
CLA,2011-10,101961,
CLA,2011-11,99501,
CLA,2011-12,94202,
CLA,2012-01,118337,
CLA,2012-02,121621,
CLA,2012-03,124120,
CLA,2012-04,241664,
CLA,2012-05,213282,
CLA,2012-06,173575,
CLA,2012-07,127368,
CLA,2012-08,86862,
CLA,2012-09,61696,
CLA,2012-10,49181,
CLA,2012-11,78726,
CLA,2012-12,231038,
CLA,2013-01,241238,
CLA,2013-02,242942,
CLA,2013-03,253198,
CLA,2013-04,247206,
CLA,2013-05,211599,
CLA,2013-06,170670,
CLA,2013-07,122442,
CLA,2013-08,81571,
CLA,2013-09,50795,
CLA,2013-10,36307,
CLA,2013-11,28690,
CLA,2013-12,24290,
CLA,2014-01,21895,
CLA,2014-02,57656,
CLA,2014-03,86048,
CLA,2014-04,93386,
CLA,2014-05,73854,
CLA,2014-06,48400,
CLA,2014-07,23491,
CLA,2014-08,0,e
CLA,2014-09,0,e
CLA,2014-10,0,e
CLA,2014-11,0,e
CLA,2014-12,111773,
CLA,2015-01,116695,
CLA,2015-02,184385,
CLA,2015-03,181886,
CLA,2015-04,175650,
CLA,2015-05,150422,
CLA,2015-06,121210,
CLA,2015-07,87676,
CLA,2015-08,55637,
CLA,2015-09,35504,
CLA,2015-10,21895,
CLA,2015-11,17905,
CLA,2015-12,51198,
CLA,2016-01,178555,
CLA,2016-02,201097,
CLA,2016-03,320848,
CLA,2016-04,304630,
CLA,2016-05,264772,
CLA,2016-06,210338,
CLA,2016-07,152894,
CLA,2016-08,97876,
CLA,2016-09,59676,
CLA,2016-10,65337,
CLA,2016-11,68986,
CLA,2016-12,146302,
CLA,2017-01,336257,
CLA,2017-02,418684,
CLA,2017-03,315580,
CLA,2017-04,324801,
CLA,2017-05,292874,
CLA,2017-06,247634,
CLA,2017-07,189805,
CLA,2017-08,142594,
CLA,2017-09,111364,
CLA,2017-10,90938,r
CLA,2017-11,97059,
CLA,2017-12,92571,
CLA,2018-01,123263,
CLA,2018-02,122852,
CLA,2018-03,169842,
CLA,2018-04,204030,
CLA,2018-05,187718,
CLA,2018-06,176218,
CLA,2018-07,108501,
CLA,2018-08,77102,
CLA,2018-09,52005,
CLA,2018-10,39117,
CLA,2018-11,43140,
CLA,2018-12,53619,
CLA,2019-01,188135,
CLA,2019-02,415538,
CLA,2019-03,353058,
CLA,2019-04,315580,
CLA,2019-05,312949,
CLA,2019-06,271229,
CLA,2019-07,221294,
CLA,2019-08,176065,
CLA,2019-09,142182,
CLA,2019-10,119158,
CLA,2019-11,125315,
CLA,2019-12,152482,
CLA,2020-01,183552,
CLA,2020-02,186467,
CLA,2020-03,187718,
CLA,2020-04,184801,
CLA,2020-05,171500,
CLA,2020-06,141770,
CLA,2020-07,100327,
CLA,2020-08,66959,
CLA,2020-09,43140,r
CLA,2020-10,28690,
CLA,2020-11,20698,
CLA,2020-12,23491,
CLA,2021-01,33898,
CLA,2021-02,41933,
CLA,2021-03,47568,
CLA,2021-04,35504,
CLA,2021-05,15910,
CLA,2021-06,0,
CLA,2021-07,0,
CLA,2021-08,0,
CLA,2021-09,0,
CLA,2021-10,0,
CLA,2021-11,0,
CLA,2021-12,1191,
CLA,2022-01,21496,
CLA,2022-02,19900,
CLA,2022-03,20299,
CLA,2022-04,12368,
CLA,2022-05,0,
CLA,2022-06,0,
CLA,2022-07,0,
CLA,2022-08,0,
CLA,2022-09,0,
CLA,2022-10,0,
CLA,2022-11,0,
CLA,2022-12,0,
CLA,2023-01,178555,
CLA,2023-02,210758,
CLA,2023-03,335816,
CLA,2023-04,316897,
CLA,2023-05,290268,
CLA,2023-06,242516,
CLA,2023-07,185218,
CLA,2023-08,139298,
CLA,2023-09,99918,
CLA,2023-10,86862,
CLA,2023-11,86282,
CLA,2023-12,121060,
CLA,2024-01,235573,
CLA,2024-02,335078,
CLA,2024-03,339507,
CLA,2024-04,317073,
CLA,2024-05,279535,
CLA,2024-06,228753,
CLA,2024-07,171305,
CLA,2024-08,124778,
CLA,2024-09,88730,
CLA,2024-10,74502,
CLA,2024-11,134292,
CLA,2024-12,242399,
CLA,2025-01,251412,
CLA,2025-02,320581,
CLA,2025-03,328481,
CLA,2025-04,333753,
CLA,2025-05,307873,
CLA,2025-06,263510,
CLA,2025-07,213435,
CLA,2025-08,161260,
CLA,2025-09,123125,
CLA,2025-10,110402,
CLA,2025-11,118189,
CLA,2025-12,207064,
CLA,2026-01,275633,
CLA,2026-02,336000,e
CLA,2026-03,315757,
CLA,2026-04,314881,
CLA,2026-05,272600,
CLA,2026-06,224494,
CLA,2026-07,173821,
CLA,2026-08,130154,
CLA,2026-09,91996,
CLE,2011-10,2065316,
CLE,2011-11,1974863,
CLE,2011-12,1935848,
CLE,2012-01,1956354,
CLE,2012-02,1959502,
CLE,2012-03,2086500,
CLE,2012-04,2338231,
CLE,2012-05,2324285,
CLE,2012-06,2209198,
CLE,2012-07,2078784,
CLE,2012-08,1933861,
CLE,2012-09,1799557,
CLE,2012-10,1733805,
CLE,2012-11,1775866,
CLE,2012-12,1909861,
CLE,2013-01,1942660,
CLE,2013-02,1985675,
CLE,2013-03,2077449,
CLE,2013-04,2142189,
CLE,2013-05,2003934,
CLE,2013-06,1812150,
CLE,2013-07,1590328,
CLE,2013-08,1406875,
CLE,2013-09,1303229,
CLE,2013-10,1221800,
CLE,2013-11,1213139,
CLE,2013-12,1186729,
CLE,2014-01,1162200,
CLE,2014-02,1187131,
CLE,2014-03,1306823,
CLE,2014-04,1281245,
CLE,2014-05,1196125,
CLE,2014-06,1062646,
CLE,2014-07,865390,
CLE,2014-08,697505,
CLE,2014-09,606626,
CLE,2014-10,561265,
CLE,2014-11,561620,
CLE,2014-12,815052,
CLE,2015-01,873616,
CLE,2015-02,1146557,
CLE,2015-03,1190765,
CLE,2015-04,1183915,
CLE,2015-05,1024187,
CLE,2015-06,930209,
CLE,2015-07,824970,
CLE,2015-08,679882,
CLE,2015-09,545901,
CLE,2015-10,503365,
CLE,2015-11,478423,
CLE,2015-12,497447,
CLE,2016-01,694531,
CLE,2016-02,854264,
CLE,2016-03,1279539,
CLE,2016-04,1493517,
CLE,2016-05,1391623,
CLE,2016-06,1268888,
CLE,2016-07,1150686,
CLE,2016-08,1060055,
CLE,2016-09,969353,
CLE,2016-10,1030531,
CLE,2016-11,1104164,
CLE,2016-12,1261474,
CLE,2017-01,1460766,
CLE,2017-02,1921976,
CLE,2017-03,2176855,
CLE,2017-04,2301922,
CLE,2017-05,2286603,
CLE,2017-06,2167138,
CLE,2017-07,2014840,
CLE,2017-08,1887319,
CLE,2017-09,1791050,
CLE,2017-10,1753163,
CLE,2017-11,1766764,
CLE,2017-12,1747317,
CLE,2018-01,1775598,
CLE,2018-02,1786613,
CLE,2018-03,1844469,
CLE,2018-04,1930312,
CLE,2018-05,1888018,
CLE,2018-06,1767434,
CLE,2018-07,1644506,
CLE,2018-08,1569806,
CLE,2018-09,1499276,
CLE,2018-10,1464554,
CLE,2018-11,1450034,
CLE,2018-12,1459823,
CLE,2019-01,1586957,
CLE,2019-02,1738960,
CLE,2019-03,1932299,
CLE,2019-04,2240090,
CLE,2019-05,2393459,
CLE,2019-06,2314185,
CLE,2019-07,2210270,
CLE,2019-08,2116188,
CLE,2019-09,2042925,
CLE,2019-10,1969000,r
CLE,2019-11,1928000,r
CLE,2019-12,1957000,r
CLE,2020-01,1998000,r
CLE,2020-02,2024000,r
CLE,2020-03,1975000,r
CLE,2020-04,1921000,r
CLE,2020-05,1867000,r
CLE,2020-06,1753000,r
CLE,2020-07,1630000,r
CLE,2020-08,1497000,r
CLE,2020-09,1354000,r
CLE,2020-10,1301000,r
CLE,2020-11,1272000,r
CLE,2020-12,1247000,r
CLE,2021-01,1249000,r
CLE,2021-02,1273000,r
CLE,2021-03,1292000,r
CLE,2021-04,1306000,r
CLE,2021-05,1260000,r
CLE,2021-06,1162000,r
CLE,2021-07,1004000,r
CLE,2021-08,853800,r
CLE,2021-09,710400,r
CLE,2021-10,669600,r
CLE,2021-11,707900,r
CLE,2021-12,720100,r
CLE,2022-01,762600,r
CLE,2022-02,787700,r
CLE,2022-03,807300,r
CLE,2022-04,766300,r
CLE,2022-05,739500,r
CLE,2022-06,715700,r
CLE,2022-07,663700,r
CLE,2022-08,605400,r
CLE,2022-09,553200,r
CLE,2022-10,534700,r
CLE,2022-11,527900,r
CLE,2022-12,551500,r
CLE,2023-01,764200,r
CLE,2023-02,798700,r
CLE,2023-03,910200,r
CLE,2023-04,889700,r
CLE,2023-05,1269000,r
CLE,2023-06,1427000,r
CLE,2023-07,1404000,r
CLE,2023-08,1340000,r
CLE,2023-09,1275000,r
CLE,2023-10,1222000,r
CLE,2023-11,1210000,r
CLE,2023-12,1288000,r
CLE,2024-01,1512000,r
CLE,2024-02,1776000,r
CLE,2024-03,1958000,r
CLE,2024-04,2073000,r
CLE,2024-05,2119000,r
CLE,2024-06,2046000,r
CLE,2024-07,1934000,r
CLE,2024-08,1825000,r
CLE,2024-09,1720000,r
CLE,2024-10,1620000,r
CLE,2024-11,1661000,r
CLE,2024-12,1821000,r
CLE,2025-01,1908000,r
CLE,2025-02,2027000,r
CLE,2025-03,2112000,r
CLE,2025-04,2207000,r
CLE,2025-05,2267000,r
CLE,2025-06,2209000,r
CLE,2025-07,2084000,r
CLE,2025-08,1948000,r
CLE,2025-09,1822000,r
CLE,2025-10,1736881,
CLE,2025-11,1796829,
CLE,2025-12,1940716,
CLE,2026-01,2046730,
CLE,2026-02,2150300,
CLE,2026-03,2232083,
CLE,2026-04,2234670,
CLE,2026-05,2149730,
CLE,2026-06,2014302,
CLE,2026-07,1898176,
CLE,2026-08,1772800,
CLE,2026-09,1684476,
CMN,2011-10,273430,
CMN,2011-11,250600,
CMN,2011-12,255110,
CMN,2012-01,250020,
CMN,2012-02,240570,
CMN,2012-03,228450,
CMN,2012-04,251240,
CMN,2012-05,292840,
CMN,2012-06,293860,
CMN,2012-07,278840,
CMN,2012-08,269650,
CMN,2012-09,261280,
CMN,2012-10,258300,
CMN,2012-11,254580,
CMN,2012-12,292460,
CMN,2013-01,314610,
CMN,2013-02,336440,
CMN,2013-03,343510,
CMN,2013-04,331190,
CMN,2013-05,307970,
CMN,2013-06,290950,
CMN,2013-07,276680,
CMN,2013-08,263850,
CMN,2013-09,256470,
CMN,2013-10,251650,
CMN,2013-11,244640,
CMN,2013-12,228890,
CMN,2014-01,213630,
CMN,2014-02,202300,
CMN,2014-03,191020,
CMN,2014-04,173850,
CMN,2014-05,151400,
CMN,2014-06,142140,
CMN,2014-07,138730,
CMN,2014-08,133340,
CMN,2014-09,134030,
CMN,2014-10,132820,
CMN,2014-11,122110,
CMN,2014-12,136897,
CMN,2015-01,131820,
CMN,2015-02,126960,
CMN,2015-03,115590,
CMN,2015-04,102800,
CMN,2015-05,102700,
CMN,2015-06,89070,
CMN,2015-07,83330,
CMN,2015-08,81940,
CMN,2015-09,99780,
CMN,2015-10,117650,
CMN,2015-11,105960,
CMN,2015-12,96495,
CMN,2016-01,90100,
CMN,2016-02,110520,
CMN,2016-03,184240,
CMN,2016-04,240340,
CMN,2016-05,291450,
CMN,2016-06,329110,
CMN,2016-07,309460,
CMN,2016-08,298890,
CMN,2016-09,289310,
CMN,2016-10,282740,
CMN,2016-11,279760,
CMN,2016-12,290637,
CMN,2017-01,270560,
CMN,2017-02,395640,
CMN,2017-03,303120,
CMN,2017-04,283120,
CMN,2017-05,291140,
CMN,2017-06,400419,
CMN,2017-07,374160,
CMN,2017-08,356040,
CMN,2017-09,333140,
CMN,2017-10,297040,
CMN,2017-11,289112,
CMN,2017-12,303484,
CMN,2018-01,316060,
CMN,2018-02,302893,
CMN,2018-03,336378,
CMN,2018-04,383055,
CMN,2018-05,386770,
CMN,2018-06,380870,
CMN,2018-07,362590,
CMN,2018-08,347680,
CMN,2018-09,337460,
CMN,2018-10,306020,
CMN,2018-11,297313,
CMN,2018-12,306008,
CMN,2019-01,318750,
CMN,2019-02,308100,
CMN,2019-03,308740,
CMN,2019-04,326240,
CMN,2019-05,345420,
CMN,2019-06,393890,
CMN,2019-07,381510,
CMN,2019-08,361890,
CMN,2019-09,333680,
CMN,2019-10,303510,
CMN,2019-11,297700,
CMN,2019-12,298124,
CMN,2020-01,296780,
CMN,2020-02,285550,
CMN,2020-03,274220,
CMN,2020-04,302090,
CMN,2020-05,286670,
CMN,2020-06,285550,
CMN,2020-07,274410,
CMN,2020-08,269040,
CMN,2020-09,265420,
CMN,2020-10,264150,
CMN,2020-11,259250,
CMN,2020-12,261280,
CMN,2021-01,253760,
CMN,2021-02,250480,
CMN,2021-03,240800,
CMN,2021-04,223720,
CMN,2021-05,199940,
CMN,2021-06,186700,
CMN,2021-07,178660,
CMN,2021-08,174280,
CMN,2021-09,178040,
CMN,2021-10,177750,
CMN,2021-11,165930,
CMN,2021-12,183410,
CMN,2022-01,218290,
CMN,2022-02,242910,
CMN,2022-03,233910,
CMN,2022-04,220670,
CMN,2022-05,213900,
CMN,2022-06,219540,
CMN,2022-07,210710,
CMN,2022-08,205570,
CMN,2022-09,202150,
CMN,2022-10,209610,
CMN,2022-11,207350,
CMN,2022-12,265720,
CMN,2023-01,289440,
CMN,2023-02,298060,
CMN,2023-03,317370,
CMN,2023-04,216730,
CMN,2023-05,258660,
CMN,2023-06,380720,
CMN,2023-07,371390,
CMN,2023-08,364266,
CMN,2023-09,350990,
CMN,2023-10,337870,
CMN,2023-11,321990,
CMN,2023-12,309521,
CMN,2024-01,324780,
CMN,2024-02,334010,
CMN,2024-03,345760,
CMN,2024-04,377290,
CMN,2024-05,389890,
CMN,2024-06,388940,
CMN,2024-07,375860,
CMN,2024-08,367499,
CMN,2024-09,361470,
CMN,2024-10,333880,
CMN,2024-11,315730,
CMN,2024-12,305120,
CMN,2025-01,302990,
CMN,2025-02,320800,
CMN,2025-03,324110,
CMN,2025-04,338610,
CMN,2025-05,347750,
CMN,2025-06,334690,
CMN,2025-07,318820,
CMN,2025-08,313370,
CMN,2025-09,307510,
CMN,2025-10,304150,
CMN,2025-11,296530,
CMN,2025-12,316380,
CMN,2026-01,290000,
CMN,2026-02,297860,
CMN,2026-03,330250,
CMN,2026-04,370120,
CMN,2026-05,400700,
CMN,2026-06,382810,
CMN,2026-07,369410,
CMN,2026-08,358570,
CMN,2026-09,344330,
COY,2011-10,71828,
COY,2011-11,64660,
COY,2011-12,58285,
COY,2012-01,61011,
COY,2012-02,62414,
COY,2012-03,82976,
COY,2012-04,90014,
COY,2012-05,89680,
COY,2012-06,87175,
COY,2012-07,81902,
COY,2012-08,74998,
COY,2012-09,68591,
COY,2012-10,60289,
COY,2012-11,59252,
COY,2012-12,75339,
COY,2013-01,71339,
COY,2013-02,69593,
COY,2013-03,64513,
COY,2013-04,60002,
COY,2013-05,59778,
COY,2013-06,57056,
COY,2013-07,50356,
COY,2013-08,44274,
COY,2013-09,39492,
COY,2013-10,35306,
COY,2013-11,31202,
COY,2013-12,26475,
COY,2014-01,24805,
COY,2014-02,29959,
COY,2014-03,43317,
COY,2014-04,49784,
COY,2014-05,50930,
COY,2014-06,45501,
COY,2014-07,38804,
COY,2014-08,32502,
COY,2014-09,30074,
COY,2014-10,28220,e
COY,2014-11,28370,
COY,2014-12,56242,
COY,2015-01,58206,
COY,2015-02,67909,
COY,2015-03,64137,
COY,2015-04,58602,
COY,2015-05,57512,
COY,2015-06,53312,
COY,2015-07,47890,
COY,2015-08,41737,
COY,2015-09,36479,
COY,2015-10,31528,
COY,2015-11,27150,
COY,2015-12,39357,
COY,2016-01,71591,
COY,2016-02,79192,
COY,2016-03,86720,
COY,2016-04,85952,
COY,2016-05,86371,
COY,2016-06,84610,
COY,2016-07,76687,
COY,2016-08,65875,
COY,2016-09,56570,
COY,2016-10,50658,
COY,2016-11,51309,
COY,2016-12,72622,
COY,2017-01,74981,
COY,2017-02,82557,
COY,2017-03,84105,
COY,2017-04,97260,
COY,2017-05,97029,
COY,2017-06,95414,
COY,2017-07,89628,
COY,2017-08,82716,
COY,2017-09,75782,r
COY,2017-10,66716,
COY,2017-11,64219,
COY,2017-12,59316,
COY,2018-01,64186,
COY,2018-02,61317,
COY,2018-03,70531,
COY,2018-04,87262,
COY,2018-05,84070,
COY,2018-06,81383,
COY,2018-07,73723,
COY,2018-08,65299,
COY,2018-09,59475,
COY,2018-10,56070,
COY,2018-11,55727,
COY,2018-12,60963,
COY,2019-01,79984,
COY,2019-02,94882,
COY,2019-03,88961,
COY,2019-04,92197,
COY,2019-05,94652,
COY,2019-06,92496,
COY,2019-07,89400,
COY,2019-08,83132,
COY,2019-09,77578,
COY,2019-10,69660,
COY,2019-11,65250,
COY,2019-12,69877,
COY,2020-01,78710,
COY,2020-02,77252,
COY,2020-03,71137,
COY,2020-04,70296,
COY,2020-05,67759,
COY,2020-06,62269,
COY,2020-07,54082,
COY,2020-08,46579,
COY,2020-09,40023,
COY,2020-10,35280,
COY,2020-11,31322,
COY,2020-12,28523,
COY,2021-01,27958,
COY,2021-02,32576,
COY,2021-03,36142,
COY,2021-04,36897,
COY,2021-05,35038,
COY,2021-06,30750,
COY,2021-07,25039,
COY,2021-08,19270,
COY,2021-09,15130,
COY,2021-10,17811,
COY,2021-11,20832,
COY,2021-12,41124,
COY,2022-01,42736,
COY,2022-02,42608,
COY,2022-03,44289,
COY,2022-04,47520,
COY,2022-05,49859,
COY,2022-06,50627,
COY,2022-07,49799,
COY,2022-08,45196,
COY,2022-09,40916,
COY,2022-10,37910,
COY,2022-11,36831,
COY,2022-12,50552,
COY,2023-01,80053,
COY,2023-02,84244,
COY,2023-03,96105,
COY,2023-04,99896,
COY,2023-05,99343,
COY,2023-06,97437,
COY,2023-07,91333,
COY,2023-08,83966,
COY,2023-09,77064,
COY,2023-10,68141,
COY,2023-11,60353,
COY,2023-12,61736,
COY,2024-01,77218,
COY,2024-02,82161,
COY,2024-03,96336,
COY,2024-04,100557,
COY,2024-05,98505,
COY,2024-06,93927,
COY,2024-07,84453,
COY,2024-08,73587,
COY,2024-09,63355,
COY,2024-10,53342,
COY,2024-11,62430,
COY,2024-12,87070,
COY,2025-01,74301,
COY,2025-02,87559,
COY,2025-03,95893,
COY,2025-04,102526,
COY,2025-05,100467,
COY,2025-06,94989,
COY,2025-07,89979,
COY,2025-08,79416,
COY,2025-09,68274,
COY,2025-10,59714,
COY,2025-11,53481,
COY,2025-12,71356,
COY,2026-01,78504,
COY,2026-02,92320,
COY,2026-03,86213,
COY,2026-04,84592,
COY,2026-05,82946,
COY,2026-06,78816,
COY,2026-07,72757,
COY,2026-08,65363,
COY,2026-09,59175,
CTG,2011-10,101026,
CTG,2011-11,84714,
CTG,2011-12,83182,
CTG,2012-01,82419,
CTG,2012-02,78874,
CTG,2012-03,81699,
CTG,2012-04,91456,
CTG,2012-05,101605,
CTG,2012-06,117779,
CTG,2012-07,104471,
CTG,2012-08,44359,
CTG,2012-09,32137,
CTG,2012-10,27808,
CTG,2012-11,37463,
CTG,2012-12,45955,
CTG,2013-01,32048,
CTG,2013-02,32239,
CTG,2013-03,36222,
CTG,2013-04,77413,
CTG,2013-05,105042,
CTG,2013-06,103410,
CTG,2013-07,63437,
CTG,2013-08,70033,
CTG,2013-09,56331,
CTG,2013-10,40958,
CTG,2013-11,28207,
CTG,2013-12,33871,
CTG,2014-01,38896,
CTG,2014-02,37553,
CTG,2014-03,35000,
CTG,2014-04,45827,
CTG,2014-05,93309,
CTG,2014-06,94849,
CTG,2014-07,35651,
CTG,2014-08,55535,
CTG,2014-09,31896,
CTG,2014-10,31063,
CTG,2014-11,29698,
CTG,2014-12,31110,
CTG,2015-01,31320,
CTG,2015-02,34889,
CTG,2015-03,46053,
CTG,2015-04,52489,
CTG,2015-05,47920,
CTG,2015-06,51710,
CTG,2015-07,50979,
CTG,2015-08,23695,
CTG,2015-09,17449,
CTG,2015-10,10708,
CTG,2015-11,27482,
CTG,2015-12,32685,
CTG,2016-01,32506,
CTG,2016-02,28177,
CTG,2016-03,46670,
CTG,2016-04,92754,
CTG,2016-05,108794,
CTG,2016-06,98923,
CTG,2016-07,92767,
CTG,2016-08,92322,
CTG,2016-09,69422,
CTG,2016-10,65710,
CTG,2016-11,57320,
CTG,2016-12,59829,
CTG,2017-01,56795,
CTG,2017-02,48633,
CTG,2017-03,49512,
CTG,2017-04,53812,
CTG,2017-05,99106,
CTG,2017-06,121062,
CTG,2017-07,109993,
CTG,2017-08,69216,
CTG,2017-09,67705,
CTG,2017-10,66039,
CTG,2017-11,50758,
CTG,2017-12,41774,
CTG,2018-01,34958,
CTG,2018-02,25036,
CTG,2018-03,33208,
CTG,2018-04,70450,
CTG,2018-05,120067,
CTG,2018-06,117380,
CTG,2018-07,98923,
CTG,2018-08,89278,
CTG,2018-09,66572,
CTG,2018-10,55460,
CTG,2018-11,41380,
CTG,2018-12,48447,
CTG,2019-01,32689,
CTG,2019-02,12382,
CTG,2019-03,22536,
CTG,2019-04,33795,
CTG,2019-05,107352,
CTG,2019-06,118114,
CTG,2019-07,111952,
CTG,2019-08,80650,
CTG,2019-09,78513,
CTG,2019-10,66679,
CTG,2019-11,74674,
CTG,2019-12,45627,
CTG,2020-01,23722,
CTG,2020-02,30126,
CTG,2020-03,38599,
CTG,2020-04,59015,
CTG,2020-05,110309,
CTG,2020-06,116714,
CTG,2020-07,87170,
CTG,2020-08,78644,
CTG,2020-09,58768,
CTG,2020-10,59242,
CTG,2020-11,53977,
CTG,2020-12,52835,
CTG,2021-01,41896,
CTG,2021-02,38710,
CTG,2021-03,31896,
CTG,2021-04,62478,
CTG,2021-05,87560,
CTG,2021-06,67727,
CTG,2021-07,64517,
CTG,2021-08,48397,
CTG,2021-09,27120,
CTG,2021-10,46382,
CTG,2021-11,45090,
CTG,2021-12,21226,
CTG,2022-01,25465,
CTG,2022-02,28750,
CTG,2022-03,31380,
CTG,2022-04,37697,
CTG,2022-05,87183,
CTG,2022-06,111478,
CTG,2022-07,91879,
CTG,2022-08,42187,
CTG,2022-09,17672,
CTG,2022-10,11493,
CTG,2022-11,4059,
CTG,2022-12,29194,
CTG,2023-01,24021,
CTG,2023-02,21422,
CTG,2023-03,25993,
CTG,2023-04,38740,
CTG,2023-05,98712,
CTG,2023-06,109392,
CTG,2023-07,116508,
CTG,2023-08,96424,
CTG,2023-09,73624,
CTG,2023-10,89225,
CTG,2023-11,80674,
CTG,2023-12,62190,
CTG,2024-01,42249,
CTG,2024-02,22469,
CTG,2024-03,23391,
CTG,2024-04,64944,
CTG,2024-05,112999,
CTG,2024-06,120494,
CTG,2024-07,83120,
CTG,2024-08,27097,
CTG,2024-09,4031,
CTG,2024-10,2297,
CTG,2024-11,2233,
CTG,2024-12,2250,
CTG,2025-01,2248,
CTG,2025-02,2253,
CTG,2025-03,17398,
CTG,2025-04,62663,
CTG,2025-05,103387,
CTG,2025-06,111295,
CTG,2025-07,106002,
CTG,2025-08,96203,
CTG,2025-09,83318,
CTG,2025-10,88462,
CTG,2025-11,92564,
CTG,2025-12,48955,
CTG,2026-01,24986,
CTG,2026-02,36683,
CTG,2026-03,62160,
CTG,2026-04,113433,
CTG,2026-05,117619,
CTG,2026-06,119176,
CTG,2026-07,110143,
CTG,2026-08,65163,
DMV,2011-10,764204,
DMV,2011-11,776544,
DMV,2011-12,785662,
DMV,2012-01,785760,
DMV,2012-02,767799,r
DMV,2012-03,741672,
DMV,2012-04,740274,
DMV,2012-05,740274,
DMV,2012-06,777700,e
DMV,2012-07,771297,
DMV,2012-08,748039,
DMV,2012-09,731932,
DMV,2012-10,733762,r
DMV,2012-12,689802,
DMV,2013-01,700062,
DMV,2013-02,696025,
DMV,2013-03,687047,
DMV,2013-04,674447,r
DMV,2013-05,666154,
DMV,2013-07,634490,e
DMV,2013-08,624901,
DMV,2013-09,603304,
DMV,2013-10,592870,
DMV,2013-11,586479,
DMV,2013-12,583882,
DMV,2014-01,583000,e
DMV,2014-02,579850,e
DMV,2014-03,568889,
DMV,2014-04,567082,
DMV,2014-05,554750,
DMV,2014-06,506947,
DMV,2014-07,450070,e
DMV,2014-08,421020,
DMV,2014-09,404962,
DMV,2014-10,394620,e
DMV,2014-11,393041,
DMV,2014-12,393830,
DMV,2015-01,393400,
DMV,2015-02,393165,
DMV,2015-03,389178,
DMV,2015-04,378920,
DMV,2015-05,363103,
DMV,2015-06,331563,
DMV,2015-07,325136,
DMV,2015-08,322781,
DMV,2015-09,319268,
DMV,2015-10,317392,
DMV,2015-11,315475,
DMV,2015-12,314517,r
DMV,2016-01,314636,
DMV,2016-02,300435,
DMV,2016-03,301194,
DMV,2016-04,344507,
DMV,2016-05,393373,
DMV,2016-06,429622,
DMV,2016-07,462838,
DMV,2016-08,506992,
DMV,2016-09,545050,
DMV,2016-10,562790,
DMV,2016-11,561480,
DMV,2016-12,565772,
DMV,2017-01,593605,
DMV,2017-02,634422,
DMV,2017-03,671054,
DMV,2017-04,694315,
DMV,2017-05,708423,
DMV,2017-06,716706,
DMV,2017-07,710913,
DMV,2017-08,703292,
DMV,2017-09,690515,
DMV,2017-10,695835,r
DMV,2017-11,722931,e
DMV,2017-12,747942,
DMV,2018-01,747556,
DMV,2018-02,737428,
DMV,2018-03,723266,
DMV,2018-04,720489,
DMV,2018-05,718286,
DMV,2018-06,714887,
DMV,2018-07,719962,e
DMV,2018-08,708519,
DMV,2018-09,705905,
DMV,2018-10,704385,
DMV,2018-11,702675,
DMV,2018-12,701725,
DMV,2019-01,702247,
DMV,2019-02,719866,
DMV,2019-03,751560,
DMV,2019-04,771394,e
DMV,2019-05,781944,
DMV,2019-06,762115,
DMV,2019-07,757889,
DMV,2019-08,748521,
DMV,2019-09,755853,
DMV,2019-10,753634,
DMV,2019-11,755901,
DMV,2019-12,795937,
DMV,2020-01,788353,
DMV,2020-02,779604,
DMV,2020-03,776058,
DMV,2020-04,776099,
DMV,2020-05,735932,
DMV,2020-06,722643,
DMV,2020-07,716610,
DMV,2020-08,716610,
DMV,2020-09,708423,
DMV,2020-10,705905,
DMV,2020-11,704242,
DMV,2020-12,703672,
DMV,2021-01,702817,r
DMV,2021-02,680714,r
DMV,2021-03,673882,r
DMV,2021-04,671290,r
DMV,2021-05,664930,r
DMV,2021-06,654663,
DMV,2021-07,642788,
DMV,2021-08,630695,r
DMV,2021-09,619803,r
DMV,2021-10,611531,r
DMV,2021-11,604223,r
DMV,2021-12,599948,r
DMV,2022-01,594616,r
DMV,2022-02,572535,r
DMV,2022-03,564281,r
DMV,2022-04,557460,r
DMV,2022-05,549104,r
DMV,2022-06,539545,r
DMV,2022-07,528491,r
DMV,2022-08,517453,r
DMV,2022-09,508986,
DMV,2022-10,501717,r
DMV,2022-11,496939,r
DMV,2022-12,493564,
DMV,2023-01,492425,
DMV,2023-02,487120,
DMV,2023-03,499438,r
DMV,2023-05,570302,
DMV,2023-06,603304,
DMV,2023-07,623372,
DMV,2023-08,649754,
DMV,2023-09,672091,
DMV,2023-10,692177,
DMV,2023-11,729155,
DMV,2023-12,753442,
DMV,2024-01,753876,
DMV,2024-02,755081,
DMV,2024-03,728724,
DMV,2024-04,727431,
DMV,2024-05,731932,
DMV,2024-06,741479,
DMV,2024-07,754358,
DMV,2024-08,773774,
DMV,2024-09,786690,
DMV,2024-10,786738,
DMV,2024-11,789479,
DMV,2024-12,787962,
DMV,2025-01,786396,
DMV,2025-02,794567,
DMV,2025-03,783217,
DMV,2025-04,781504,
DMV,2025-05,779798,
DMV,2025-06,777467,
DMV,2025-07,774503,
DMV,2025-08,771783,
DMV,2025-09,769840,
DMV,2025-10,766196,
DMV,2025-11,763135,
DMV,2025-12,760318,
DMV,2026-01,759881,
DMV,2026-02,758958,
DMV,2026-03,787619,
DMV,2026-04,786396,
DMV,2026-05,784684,
DMV,2026-06,782336,
DMV,2026-07,779750,
DMV,2026-08,777029,
DNP,2011-10,1581579,
DNP,2011-11,1579440,
DNP,2011-12,1576236,
DNP,2012-01,1525639,
DNP,2012-02,1514220,
DNP,2012-03,1522518,
DNP,2012-04,1652315,
DNP,2012-05,1672350,
DNP,2012-06,1577303,
DNP,2012-07,1430135,
DNP,2012-08,1301995,
DNP,2012-09,1223572,
DNP,2012-10,1183542,
DNP,2012-11,1189871,
DNP,2012-12,1327080,
DNP,2013-01,1372582,
DNP,2013-02,1398696,
DNP,2013-03,1408463,
DNP,2013-04,1471223,
DNP,2013-05,1473223,
DNP,2013-06,1389949,
DNP,2013-07,1252889,
DNP,2013-08,1135262,
DNP,2013-09,1077149,
DNP,2013-10,1024248,
DNP,2013-11,1026576,
DNP,2013-12,1033585,
DNP,2014-01,1043767,
DNP,2014-02,1057893,
DNP,2014-03,1083592,
DNP,2014-04,1080367,
DNP,2014-05,1077149,
DNP,2014-06,1005000,
DNP,2014-07,898270,
DNP,2014-08,819600,
DNP,2014-09,777390,
DNP,2014-10,756483,
DNP,2014-11,756483,
DNP,2014-12,793802,
DNP,2015-01,826912,
DNP,2015-02,871714,
DNP,2015-03,893331,
DNP,2015-04,843016,
DNP,2015-05,826246,
DNP,2015-06,755855,
DNP,2015-07,693656,
DNP,2015-08,651153,
DNP,2015-09,644340,
DNP,2015-10,642079,
DNP,2015-11,648309,
DNP,2015-12,706771,
DNP,2016-01,818278,
DNP,2016-02,944356,
DNP,2016-03,1218296,
DNP,2016-04,1363197,
DNP,2016-05,1533984,
DNP,2016-06,1562408,
DNP,2016-07,1460118,
DNP,2016-08,1366830,
DNP,2016-09,1318678,
DNP,2016-10,1324275,
DNP,2016-11,1358237,
DNP,2016-12,1514842,
DNP,2017-01,1795091,
DNP,2017-02,2002962,
DNP,2017-03,1760016,
DNP,2017-04,1641278,
DNP,2017-05,1770484,
DNP,2017-06,1980359,
DNP,2017-07,1992721,
DNP,2017-08,1797448,
DNP,2017-09,1699313,
DNP,2017-10,1598772,
DNP,2017-11,1623082,
DNP,2017-12,1643041,
DNP,2018-01,1665634,
DNP,2018-02,1667862,
DNP,2018-03,1783543,
DNP,2018-04,1878309,
DNP,2018-05,1902345,
DNP,2018-06,1845103,
DNP,2018-07,1708374,
DNP,2018-08,1590158,
DNP,2018-09,1505957,
DNP,2018-10,1402596,
DNP,2018-11,1404745,
DNP,2018-12,1428946,
DNP,2019-01,1498755,
DNP,2019-02,1660075,
DNP,2019-03,1641278,
DNP,2019-04,1700444,
DNP,2019-05,1855959,
DNP,2019-06,1963504,
DNP,2019-07,1976166,
DNP,2019-08,1786860,
DNP,2019-09,1700444,
DNP,2019-10,1609590,
DNP,2019-11,1594460,
DNP,2019-12,1621881,
DNP,2020-01,1632490,
DNP,2020-02,1644584,
DNP,2020-03,1647894,
DNP,2020-04,1716331,
DNP,2020-05,1769319,
DNP,2020-06,1686915,
DNP,2020-07,1561348,
DNP,2020-08,1470210,
DNP,2020-09,1416315,
DNP,2020-10,1367788,
DNP,2020-11,1367788,
DNP,2020-12,1363102,
DNP,2021-01,1376427,
DNP,2021-02,1385108,
DNP,2021-03,1390919,
DNP,2021-04,1370663,
DNP,2021-05,1339288,
DNP,2021-06,1251098,
DNP,2021-07,1150353,
DNP,2021-08,1072335,
DNP,2021-09,1008820,
DNP,2021-10,995076,
DNP,2021-11,1018057,
DNP,2021-12,1090062,
DNP,2022-01,1137767,
DNP,2022-02,1187846,
DNP,2022-03,1247521,
DNP,2022-04,1289131,
DNP,2022-05,1355382,
DNP,2022-06,1310316,
DNP,2022-07,1206049,
DNP,2022-08,1120314,
DNP,2022-09,1057983,
DNP,2022-10,1004223,
DNP,2022-11,1011892,
DNP,2022-12,1181394,
DNP,2023-01,1511117,
DNP,2023-02,1559230,
DNP,2023-03,1758856,
DNP,2023-04,1552889,
DNP,2023-05,1575169,
DNP,2023-06,1770484,
DNP,2023-07,1959718,
DNP,2023-08,1806784,
DNP,2023-09,1718610,
DNP,2023-10,1643481,
DNP,2023-11,1633586,
DNP,2023-12,1622100,
DNP,2024-01,1646790,
DNP,2024-02,1647894,
DNP,2024-03,1691416,
DNP,2024-04,1743826,
DNP,2024-05,1917201,
DNP,2024-06,1906932,
DNP,2024-07,1749595,
DNP,2024-08,1621990,
DNP,2024-09,1524598,
DNP,2024-10,1418283,
DNP,2024-11,1403573,
DNP,2024-12,1397917,
DNP,2025-01,1398696,
DNP,2025-02,1519402,
DNP,2025-03,1688039,
DNP,2025-04,1798628,
DNP,2025-05,1914723,
DNP,2025-06,1898651,
DNP,2025-07,1758856,
DNP,2025-08,1643481,
DNP,2025-09,1566653,
DNP,2025-10,1515256,
DNP,2025-11,1560300,
DNP,2025-12,1543520,e
DNP,2026-01,1681302,
DNP,2026-02,1723174,
DNP,2026-03,1741522,
DNP,2026-04,1852335,
DNP,2026-05,1938369,
DNP,2026-06,1863225,
DNP,2026-07,1722032,
DNP,2026-08,1609590,
DNP,2026-09,1530851,
FOL,2011-10,577381,
FOL,2011-11,481277,
FOL,2011-12,415871,
FOL,2012-01,413115,
FOL,2012-02,387440,
FOL,2012-03,664005,
FOL,2012-04,933361,
FOL,2012-05,926152,
FOL,2012-06,815189,
FOL,2012-07,621809,
FOL,2012-08,502720,
FOL,2012-09,451610,
FOL,2012-10,396130,
FOL,2012-11,403768,
FOL,2012-12,584141,
FOL,2013-01,566394,
FOL,2013-02,552065,
FOL,2013-03,601136,
FOL,2013-04,681715,
FOL,2013-05,734377,
FOL,2013-06,665028,
FOL,2013-07,524726,
FOL,2013-08,429368,
FOL,2013-09,361108,
FOL,2013-10,291500,
FOL,2013-11,235676,
FOL,2013-12,186829,
FOL,2014-01,163500,
FOL,2014-02,304987,
FOL,2014-03,436041,
FOL,2014-04,546617,
FOL,2014-05,547874,
FOL,2014-06,470728,
FOL,2014-07,406397,
FOL,2014-08,381013,
FOL,2014-09,344984,
FOL,2014-10,304814,
FOL,2014-11,278197,
FOL,2014-12,429802,
FOL,2015-01,447742,
FOL,2015-02,564261,
FOL,2015-03,571528,
FOL,2015-04,575746,
FOL,2015-05,535394,
FOL,2015-06,438457,
FOL,2015-07,285860,
FOL,2015-08,195221,
FOL,2015-09,173699,
FOL,2015-10,148247,
FOL,2015-11,136980,
FOL,2015-12,239069,
FOL,2016-01,528563,
FOL,2016-02,605555,
FOL,2016-03,691371,
FOL,2016-04,826449,
FOL,2016-05,826034,
FOL,2016-06,715224,
FOL,2016-07,484623,
FOL,2016-08,346733,
FOL,2016-09,305974,
FOL,2016-10,353554,
FOL,2016-11,446779,
FOL,2016-12,400101,
FOL,2017-01,408425,
FOL,2017-02,404391,
FOL,2017-03,590592,
FOL,2017-04,723656,
FOL,2017-05,936873,
FOL,2017-06,953387,
FOL,2017-07,883079,
FOL,2017-08,777729,
FOL,2017-09,663819,
FOL,2017-10,556962,
FOL,2017-11,614816,
FOL,2017-12,545109,
FOL,2018-01,581972,
FOL,2018-02,526275,
FOL,2018-03,816735,
FOL,2018-04,866376,
FOL,2018-05,954601,
FOL,2018-06,840605,
FOL,2018-07,630928,
FOL,2018-08,506232,
FOL,2018-09,466912,
FOL,2018-10,397019,
FOL,2018-11,330420,
FOL,2018-12,311616,
FOL,2019-01,522524,
FOL,2019-02,598048,
FOL,2019-03,734669,
FOL,2019-04,886926,
FOL,2019-05,934568,
FOL,2019-06,920266,
FOL,2019-07,838097,
FOL,2019-08,755451,
FOL,2019-09,713972,
FOL,2019-10,598136,
FOL,2019-11,493387,
FOL,2019-12,511115,
FOL,2020-01,486801,
FOL,2020-02,447298,
FOL,2020-03,476336,
FOL,2020-04,696789,
FOL,2020-05,790460,
FOL,2020-06,716868,
FOL,2020-07,554510,
FOL,2020-08,476798,
FOL,2020-09,423478,
FOL,2020-10,353173,
FOL,2020-11,321700,
FOL,2020-12,289910,
FOL,2021-01,289631,
FOL,2021-02,345546,
FOL,2021-03,360850,
FOL,2021-04,359049,
FOL,2021-05,361000,
FOL,2021-06,288402,
FOL,2021-07,243824,
FOL,2021-08,233573,
FOL,2021-09,229541,
FOL,2021-10,316319,
FOL,2021-11,357324,
FOL,2021-12,587617,
FOL,2022-01,532925,
FOL,2022-02,525949,
FOL,2022-03,584055,
FOL,2022-04,768402,
FOL,2022-05,864790,
FOL,2022-06,806973,
FOL,2022-07,591204,
FOL,2022-08,441700,
FOL,2022-09,345359,
FOL,2022-10,289016,
FOL,2022-11,246697,
FOL,2022-12,558654,
FOL,2023-01,500500,
FOL,2023-02,551646,
FOL,2023-03,667000,
FOL,2023-04,804600,
FOL,2023-05,900500,
FOL,2023-06,928117,
FOL,2023-07,851400,
FOL,2023-08,728500,
FOL,2023-09,667000,
FOL,2023-10,552100,
FOL,2023-11,483200,
FOL,2023-12,465081,
FOL,2024-01,537800,
FOL,2024-02,601800,
FOL,2024-03,707516,
FOL,2024-04,848900,
FOL,2024-05,937970,
FOL,2024-06,863416,
FOL,2024-07,626100,
FOL,2024-08,506100,
FOL,2024-09,460200,
FOL,2024-10,400500,
FOL,2024-11,332127,
FOL,2024-12,353900,
FOL,2025-01,358985,
FOL,2025-02,633700,
FOL,2025-03,816632,
FOL,2025-04,901639,
FOL,2025-05,915271,
FOL,2025-06,836700,
FOL,2025-07,574799,
FOL,2025-08,475565,
FOL,2025-09,443200,
FOL,2025-10,421473,
FOL,2025-11,455875,
FOL,2025-12,545695,
FOL,2026-01,570582,
FOL,2026-02,644000,
FOL,2026-03,817355,
FOL,2026-04,922223,
FOL,2026-05,949084,
FOL,2026-06,863627,
FOL,2026-07,648458,
FOL,2026-08,463200,
FOL,2026-09,426128,
HHL,2011-10,149378,
HHL,2011-11,140590,
HHL,2011-12,121528,
HHL,2012-01,108818,
HHL,2012-02,106543,
HHL,2012-03,128789,
HHL,2012-04,167645,
HHL,2012-05,180126,
HHL,2012-06,170296,
HHL,2012-07,149759,
HHL,2012-08,126767,
HHL,2012-09,104958,
HHL,2012-10,110358,
HHL,2012-11,108891,
HHL,2012-12,124574,
HHL,2013-01,110931,
HHL,2013-02,109928,
HHL,2013-03,126164,
HHL,2013-04,142577,
HHL,2013-05,138308,
HHL,2013-06,128965,
HHL,2013-07,119243,
HHL,2013-08,102620,
HHL,2013-09,86068,
HHL,2013-10,91032,
HHL,2013-11,84600,
HHL,2013-12,84354,
HHL,2014-01,86211,
HHL,2014-02,104935,
HHL,2014-03,122619,
HHL,2014-04,138964,
HHL,2014-05,141509,
HHL,2014-06,122892,
HHL,2014-07,101380,
HHL,2014-08,77504,
HHL,2014-09,55695,
HHL,2014-10,57265,
HHL,2014-11,55318,
HHL,2014-12,61310,
HHL,2015-01,65413,
HHL,2015-02,90197,
HHL,2015-03,98764,
HHL,2015-04,108589,
HHL,2015-05,108273,
HHL,2015-06,97112,
HHL,2015-07,81466,
HHL,2015-08,65436,
HHL,2015-09,49255,
HHL,2015-10,47564,
HHL,2015-11,45423,
HHL,2015-12,56422,
HHL,2016-01,78625,
HHL,2016-02,94813,
HHL,2016-03,140234,
HHL,2016-04,163047,
HHL,2016-05,187004,
HHL,2016-06,182402,
HHL,2016-07,156928,
HHL,2016-08,127970,
HHL,2016-09,100616,
HHL,2016-10,134079,
HHL,2016-11,121898,
HHL,2016-12,152609,
HHL,2017-01,200384,
HHL,2017-02,206356,
HHL,2017-03,208018,
HHL,2017-04,208538,
HHL,2017-05,208989,
HHL,2017-06,206842,
HHL,2017-07,178158,
HHL,2017-08,144544,
HHL,2017-09,115880,
HHL,2017-10,124678,
HHL,2017-11,129796,
HHL,2017-12,109271,
HHL,2018-01,104726,
HHL,2018-02,105213,
HHL,2018-03,135495,
HHL,2018-04,165187,
HHL,2018-05,166464,
HHL,2018-06,159873,
HHL,2018-07,135432,
HHL,2018-08,105741,
HHL,2018-09,84689,
HHL,2018-10,87307,
HHL,2018-11,78969,
HHL,2018-12,68711,
HHL,2019-01,69896,
HHL,2019-02,67826,
HHL,2019-03,75706,
HHL,2019-04,117500,r
HHL,2019-05,151028,
HHL,2019-06,200284,
HHL,2019-07,176144,
HHL,2019-08,140262,
HHL,2019-09,107632,
HHL,2019-10,114800,r
HHL,2019-11,93800,r
HHL,2019-12,80600,r
HHL,2020-01,79800,r
HHL,2020-02,85000,r
HHL,2020-03,94800,r
HHL,2020-04,132400,r
HHL,2020-05,165400,r
HHL,2020-06,162800,r
HHL,2020-07,145200,r
HHL,2020-08,118100,r
HHL,2020-09,96900,r
HHL,2020-10,97200,r
HHL,2020-11,82000,r
HHL,2020-12,78500,r
HHL,2021-01,77700,r
HHL,2021-02,78000,r
HHL,2021-03,84900,r
HHL,2021-04,108800,r
HHL,2021-05,120800,r
HHL,2021-06,109700,r
HHL,2021-07,95400,r
HHL,2021-08,73700,r
HHL,2021-09,56500,r
HHL,2021-10,76900,r
HHL,2021-11,83900,r
HHL,2021-12,83200,r
HHL,2022-01,78900,r
HHL,2022-02,86000,r
HHL,2022-03,106600,r
HHL,2022-04,139900,r
HHL,2022-05,166600,r
HHL,2022-06,162100,r
HHL,2022-07,135800,r
HHL,2022-08,109600,r
HHL,2022-09,98600,r
HHL,2022-10,94000,r
HHL,2022-11,89900,r
HHL,2022-12,123200,r
HHL,2023-01,150400,r
HHL,2023-02,137800,r
HHL,2023-03,163400,r
HHL,2023-04,203800,r
HHL,2023-05,208900,r
HHL,2023-06,205200,r
HHL,2023-07,180700,r
HHL,2023-08,136800,r
HHL,2023-09,89400,r
HHL,2023-10,87100,r
HHL,2023-11,77500,r
HHL,2023-12,72100,r
HHL,2024-01,70400,r
HHL,2024-02,83300,r
HHL,2024-03,94400,r
HHL,2024-04,119600,r
HHL,2024-05,174100,r
HHL,2024-06,180000,r
HHL,2024-07,154000,r
HHL,2024-08,119000,r
HHL,2024-09,79300,r
HHL,2024-10,80000,r
HHL,2024-11,76000,r
HHL,2024-12,81700,r
HHL,2025-01,84100,r
HHL,2025-02,107000,r
HHL,2025-03,124200,r
HHL,2025-04,141500,r
HHL,2025-05,172400,r
HHL,2025-06,170000,r
HHL,2025-07,150000,r
HHL,2025-08,129400,r
HHL,2025-09,105700,r
HHL,2025-10,101648,
HHL,2025-11,94751,
HHL,2025-12,121551,
HHL,2026-01,139241,
HHL,2026-02,162505,
HHL,2026-03,190105,
HHL,2026-04,208018,
HHL,2026-05,197142,
HHL,2026-06,181856,
HHL,2026-07,153333,
HHL,2026-08,118243,
HHL,2026-09,98560,
INV,2011-10,161430,
INV,2011-11,160410,
INV,2011-12,159930,
INV,2012-01,164040,
INV,2012-02,165660,
INV,2012-03,183816,
INV,2012-04,196619,
INV,2012-05,167580,
INV,2012-06,136472,
INV,2012-07,111225,
INV,2012-08,84392,
INV,2012-09,65092,
INV,2012-10,59217,
INV,2012-11,65685,
INV,2012-12,106524,
INV,2013-01,113700,
INV,2013-02,115525,
INV,2013-03,104148,
INV,2013-04,87920,
INV,2013-05,68047,
INV,2013-06,53364,
INV,2013-07,36735,
INV,2013-08,23597,
INV,2013-09,16610,
INV,2013-10,15724,
INV,2013-11,14815,
INV,2013-12,14115,
INV,2014-01,13338,
INV,2014-02,17465,
INV,2014-03,24097,
INV,2014-04,27934,
INV,2014-05,27706,
INV,2014-06,26936,
INV,2014-07,25983,
INV,2014-08,24969,
INV,2014-09,24264,
INV,2014-10,23710,
INV,2014-11,23477,
INV,2014-12,51908,
INV,2015-01,54050,
INV,2015-02,68748,
INV,2015-03,69735,
INV,2015-04,69616,
INV,2015-05,50438,
INV,2015-06,32082,
INV,2015-07,18569,
INV,2015-08,16904,
INV,2015-09,16086,
INV,2015-10,15130,
INV,2015-11,14346,
INV,2015-12,19425,
INV,2016-01,46724,
INV,2016-02,53882,
INV,2016-03,97249,
INV,2016-04,101086,
INV,2016-05,95615,
INV,2016-06,86318,
INV,2016-07,72066,
INV,2016-08,65773,
INV,2016-09,60550,
INV,2016-10,60860,
INV,2016-11,62724,
INV,2016-12,78040,
INV,2017-01,152770,
INV,2017-02,242948,
INV,2017-03,261672,
INV,2017-04,276159,
INV,2017-05,276120,
INV,2017-06,268449,
INV,2017-07,257758,
INV,2017-08,247016,
INV,2017-09,231752,
INV,2017-10,227032,
INV,2017-11,228154,
INV,2017-12,225740,
INV,2018-01,231248,
INV,2018-02,231320,
INV,2018-03,240284,
INV,2018-04,244028,
INV,2018-05,209998,
INV,2018-06,176218,
INV,2018-07,151930,
INV,2018-08,126375,
INV,2018-09,107868,
INV,2018-10,101570,
INV,2018-11,102318,
INV,2018-12,104172,
INV,2019-01,138348,
INV,2019-02,219756,
INV,2019-03,265563,
INV,2019-04,278538,
INV,2019-05,288241,
INV,2019-06,278109,
INV,2019-07,263750,
INV,2019-08,247484,
INV,2019-09,234740,
INV,2019-10,230312,
INV,2019-11,230312,
INV,2019-12,237746,
INV,2020-01,244064,
INV,2020-02,246260,
INV,2020-03,240860,
INV,2020-04,217376,
INV,2020-05,184212,
INV,2020-06,147856,
INV,2020-07,117425,
INV,2020-08,92334,
INV,2020-09,75514,
INV,2020-10,72775,
INV,2020-11,71634,
INV,2020-12,71400,
INV,2021-01,72604,
INV,2021-02,76017,
INV,2021-03,77955,
INV,2021-04,67662,
INV,2021-05,41428,
INV,2021-06,20653,
INV,2021-07,19560,
INV,2021-08,18539,
INV,2021-09,17798,
INV,2021-10,22855,
INV,2021-11,24401,
INV,2021-12,39310,
INV,2022-01,47468,
INV,2022-02,48848,
INV,2022-03,19394,
INV,2022-04,50704,
INV,2022-05,50354,
INV,2022-06,49381,
INV,2022-07,48100,
INV,2022-08,46810,
INV,2022-09,45892,
INV,2022-10,44867,
INV,2022-11,44016,
INV,2022-12,52286,
INV,2023-01,116450,
INV,2023-02,124250,
INV,2023-03,183387,
INV,2023-04,197774,
INV,2023-05,200414,
INV,2023-06,189359,
INV,2023-07,170936,
INV,2023-08,153880,
INV,2023-09,149088,
INV,2023-10,147660,
INV,2023-11,146820,
INV,2023-12,152230,
INV,2024-01,173950,
INV,2024-02,225298,
INV,2024-03,258480,
INV,2024-04,268301,
INV,2024-05,269707,
INV,2024-06,255782,
INV,2024-07,239852,
INV,2024-08,225978,
INV,2024-09,223700,
INV,2024-10,221524,
INV,2024-11,234488,
INV,2024-12,263454,
INV,2025-01,262011,
INV,2025-02,266747,
INV,2025-03,272593,
INV,2025-04,277485,
INV,2025-05,252116,
INV,2025-06,228120,
INV,2025-07,206255,
INV,2025-08,197939,
INV,2025-09,195596,
INV,2025-10,194408,
INV,2025-11,195233,
INV,2025-12,214146,
INV,2026-01,236504,
INV,2026-02,251726,
INV,2026-03,257112,
INV,2026-04,260760,
INV,2026-05,254222,
INV,2026-06,238448,
INV,2026-07,221626,
INV,2026-08,205793,
INV,2026-09,203351,
ISB,2011-10,168329,
ISB,2011-11,168388,
ISB,2011-12,167202,
ISB,2012-01,170538,
ISB,2012-02,168152,
ISB,2012-03,170958,
ISB,2012-04,200846,
ISB,2012-05,215349,
ISB,2012-06,170178,
ISB,2012-07,119667,
ISB,2012-08,96395,
ISB,2012-09,88417,
ISB,2012-10,85150,
ISB,2012-11,83624,
ISB,2012-12,83883,
ISB,2013-01,82519,
ISB,2013-02,82300,
ISB,2013-03,87382,
ISB,2013-04,96231,
ISB,2013-05,105558,
ISB,2013-06,86242,
ISB,2013-07,70552,
ISB,2013-08,62221,
ISB,2013-09,55864,
ISB,2013-10,52963,
ISB,2013-11,54358,
ISB,2013-12,59600,
ISB,2014-01,57994,
ISB,2014-02,60211,
ISB,2014-03,59775,
ISB,2014-04,65730,
ISB,2014-05,80018,
ISB,2014-06,73074,
ISB,2014-07,58937,
ISB,2014-08,53765,
ISB,2014-09,50225,
ISB,2014-10,45418,
ISB,2014-11,44804,
ISB,2014-12,44851,
ISB,2015-01,44875,
ISB,2015-02,47666,
ISB,2015-03,46496,
ISB,2015-04,44945,
ISB,2015-05,43594,
ISB,2015-06,36147,
ISB,2015-07,32856,
ISB,2015-08,31188,
ISB,2015-09,30228,
ISB,2015-10,30299,
ISB,2015-11,30404,
ISB,2015-12,33401,
ISB,2016-01,35947,
ISB,2016-02,43318,
ISB,2016-03,60651,
ISB,2016-04,88263,
ISB,2016-05,133875,
ISB,2016-06,161988,
ISB,2016-07,133875,
ISB,2016-08,105689,
ISB,2016-09,96027,
ISB,2016-10,89888,
ISB,2016-11,88455,
ISB,2016-12,93802,
ISB,2017-01,215280,
ISB,2017-02,328896,
ISB,2017-03,245652,
ISB,2017-04,272606,
ISB,2017-05,337193,
ISB,2017-06,352742,
ISB,2017-07,284243,
ISB,2017-08,242376,
ISB,2017-09,211769,
ISB,2017-10,169581,
ISB,2017-11,166611,
ISB,2017-12,165315,
ISB,2018-01,165845,
ISB,2018-02,172040,
ISB,2018-03,195972,
ISB,2018-04,250916,
ISB,2018-05,257470,
ISB,2018-06,211153,
ISB,2018-07,147630,
ISB,2018-08,94043,
ISB,2018-09,71309,
ISB,2018-10,67680,
ISB,2018-11,66763,
ISB,2018-12,66574,
ISB,2019-01,76039,
ISB,2019-02,125547,
ISB,2019-03,224598,
ISB,2019-04,273241,
ISB,2019-05,321226,
ISB,2019-06,347669,
ISB,2019-07,306426,
ISB,2019-08,246175,
ISB,2019-09,195972,
ISB,2019-10,169939,
ISB,2019-11,167558,
ISB,2019-12,168329,
ISB,2020-01,169282,
ISB,2020-02,173067,
ISB,2020-03,180484,
ISB,2020-04,200249,
ISB,2020-05,227876,
ISB,2020-06,196692,
ISB,2020-07,140430,
ISB,2020-08,109217,
ISB,2020-09,101475,
ISB,2020-10,97710,
ISB,2020-11,97462,
ISB,2020-12,96599,
ISB,2021-01,96109,
ISB,2021-02,94970,
ISB,2021-03,93882,
ISB,2021-04,91298,
ISB,2021-05,94526,
ISB,2021-06,74495,
ISB,2021-07,60621,
ISB,2021-08,55011,
ISB,2021-09,51541,
ISB,2021-10,50712,
ISB,2021-11,49893,
ISB,2021-12,52644,
ISB,2022-01,59949,
ISB,2022-02,64126,
ISB,2022-03,65141,
ISB,2022-04,71408,
ISB,2022-05,80737,
ISB,2022-06,71309,
ISB,2022-07,49412,
ISB,2022-08,43640,
ISB,2022-09,39549,
ISB,2022-10,36409,
ISB,2022-11,38740,
ISB,2022-12,51048,
ISB,2023-01,116748,
ISB,2023-02,134080,
ISB,2023-03,343620,
ISB,2023-04,330936,
ISB,2023-05,436059,
ISB,2023-06,494135,
ISB,2023-07,543031,
ISB,2023-08,472921,
ISB,2023-09,364846,
ISB,2023-10,256473,
ISB,2023-11,204247,
ISB,2023-12,198136,
ISB,2024-01,206668,
ISB,2024-02,232989,
ISB,2024-03,263964,
ISB,2024-04,321140,
ISB,2024-05,398996,
ISB,2024-06,371722,
ISB,2024-07,270550,
ISB,2024-08,197611,
ISB,2024-09,165080,
ISB,2024-10,150322,
ISB,2024-11,154111,
ISB,2024-12,155293,
ISB,2025-01,156141,
ISB,2025-02,187080,
ISB,2025-03,232555,
ISB,2025-04,298706,
ISB,2025-05,357852,
ISB,2025-06,347759,
ISB,2025-07,280919,
ISB,2025-08,238243,
ISB,2025-09,219875,
ISB,2025-10,187207,
ISB,2025-11,184550,
ISB,2025-12,194603,
ISB,2026-01,205657,
ISB,2026-02,235024,
ISB,2026-03,334091,
ISB,2026-04,367069,
ISB,2026-05,365216,
ISB,2026-06,310750,
ISB,2026-07,224315,
ISB,2026-08,173309,
ISB,2026-09,150046,
MIL,2011-10,279536,
MIL,2011-11,298718,
MIL,2011-12,330739,
MIL,2012-01,316892,
MIL,2012-02,289939,
MIL,2012-03,294593,
MIL,2012-04,370083,
MIL,2012-05,433210,
MIL,2012-06,416400,
MIL,2012-07,323191,
MIL,2012-08,271464,
MIL,2012-09,318476,
MIL,2012-10,279639,
MIL,2012-11,262903,
MIL,2012-12,297900,r
MIL,2013-01,311900,r
MIL,2013-02,324835,
MIL,2013-03,316045,
MIL,2013-04,330322,
MIL,2013-05,402728,
MIL,2013-06,404803,
MIL,2013-07,363400,r
MIL,2013-08,304391,
MIL,2013-09,317113,
MIL,2013-10,277800,
MIL,2013-11,247850,
MIL,2013-12,224725,
MIL,2014-01,196048,
MIL,2014-02,167008,
MIL,2014-03,167889,
MIL,2014-04,227937,
MIL,2014-05,320737,
MIL,2014-06,325919,
MIL,2014-07,276283,
MIL,2014-08,229065,
MIL,2014-09,184404,
MIL,2014-10,175356,
MIL,2014-11,175227,
MIL,2014-12,180253,
MIL,2015-01,186464,
MIL,2015-02,195493,
MIL,2015-03,204534,
MIL,2015-04,192462,
MIL,2015-05,177090,
MIL,2015-06,178838,
MIL,2015-07,178707,
MIL,2015-08,157648,
MIL,2015-09,193148,
MIL,2015-10,173733,
MIL,2015-11,162683,
MIL,2015-12,177038,
MIL,2016-01,208343,
MIL,2016-02,267531,
MIL,2016-03,345491,
MIL,2016-04,294558,
MIL,2016-05,360010,
MIL,2016-06,451616,
MIL,2016-07,352838,
MIL,2016-08,259177,
MIL,2016-09,230929,
MIL,2016-10,209265,
MIL,2016-11,294600,r
MIL,2016-12,367309,
MIL,2017-01,343208,
MIL,2017-02,429200,r
MIL,2017-03,201100,r
MIL,2017-04,261319,
MIL,2017-05,407481,
MIL,2017-06,488000,r
MIL,2017-07,500974,
MIL,2017-08,413800,r
MIL,2017-09,364743,
MIL,2017-10,313838,
MIL,2017-11,338550,
MIL,2017-12,354567,
MIL,2018-01,371858,
MIL,2018-02,328664,
MIL,2018-03,405608,
MIL,2018-04,450892,
MIL,2018-05,463554,
MIL,2018-06,450303,
MIL,2018-07,347205,
MIL,2018-08,279364,
MIL,2018-09,280155,
MIL,2018-10,281773,
MIL,2018-11,293778,
MIL,2018-12,298540,
MIL,2019-01,318181,
MIL,2019-02,366186,
MIL,2019-03,340006,
MIL,2019-04,310600,r
MIL,2019-05,394826,
MIL,2019-06,512519,
MIL,2019-07,491959,
MIL,2019-08,410466,
MIL,2019-09,352799,
MIL,2019-10,268300,r
MIL,2019-11,233200,r
MIL,2019-12,271000,r
MIL,2020-01,316400,r
MIL,2020-02,283000,r
MIL,2020-03,280500,r
MIL,2020-04,335300,r
MIL,2020-05,448400,r
MIL,2020-06,404700,r
MIL,2020-07,266200,r
MIL,2020-08,217100,r
MIL,2020-09,158700,r
MIL,2020-10,159900,r
MIL,2020-11,178200,
MIL,2020-12,180600,r
MIL,2021-01,165900,r
MIL,2021-02,169100,r
MIL,2021-03,178700,r
MIL,2021-04,220100,r
MIL,2021-05,260600,
MIL,2021-06,244800,r
MIL,2021-07,226400,r
MIL,2021-08,234500,r
MIL,2021-09,307700,r
MIL,2021-10,301200,r
MIL,2021-11,320400,r
MIL,2021-12,356400,r
MIL,2022-01,277000,r
MIL,2022-02,269400,r
MIL,2022-03,314300,r
MIL,2022-04,365000,r
MIL,2022-05,369900,r
MIL,2022-06,344300,r
MIL,2022-07,286100,r
MIL,2022-08,252300,r
MIL,2022-09,343100,r
MIL,2022-10,325470,
MIL,2022-11,294700,
MIL,2022-12,381471,
MIL,2023-01,364266,
MIL,2023-02,234814,
MIL,2023-03,336200,
MIL,2023-04,168300,
MIL,2023-05,233000,
MIL,2023-06,439995,
MIL,2023-07,504500,
MIL,2023-08,328600,
MIL,2023-09,211500,
MIL,2023-10,143200,
MIL,2023-11,180800,
MIL,2023-12,229920,
MIL,2024-01,285700,
MIL,2024-02,342000,
MIL,2024-03,418124,
MIL,2024-04,512300,
MIL,2024-05,508638,
MIL,2024-06,451616,
MIL,2024-07,303200,
MIL,2024-08,257400,
MIL,2024-09,248100,
MIL,2024-10,219000,
MIL,2024-11,207249,
MIL,2024-12,225500,
MIL,2025-01,247626,
MIL,2025-02,287600,
MIL,2025-03,352721,
MIL,2025-04,431003,
MIL,2025-05,470805,
MIL,2025-06,446600,
MIL,2025-07,313066,
MIL,2025-08,243680,
MIL,2025-09,252200,
MIL,2025-10,256235,
MIL,2025-11,309039,
MIL,2025-12,364504,
MIL,2026-01,316082,
MIL,2026-02,365800,
MIL,2026-03,419856,
MIL,2026-04,464383,
MIL,2026-05,495383,
MIL,2026-06,434405,
MIL,2026-07,283568,
MIL,2026-08,241500,
MIL,2026-09,227571,
NHG,2011-10,186146,
NHG,2011-11,172829,
NHG,2011-12,167171,
NHG,2012-01,168182,
NHG,2012-02,168509,
NHG,2012-03,183514,
NHG,2012-04,200135,
NHG,2012-05,191630,
NHG,2012-06,179420,
NHG,2012-07,165397,
NHG,2012-08,151542,
NHG,2012-09,141335,
NHG,2012-10,136192,
NHG,2012-11,134554,
NHG,2012-12,162374,
NHG,2013-01,166283,
NHG,2013-02,167617,
NHG,2013-03,165308,
NHG,2013-04,159700,
NHG,2013-05,149107,
NHG,2013-06,136510,
NHG,2013-07,122966,
NHG,2013-08,111032,
NHG,2013-09,102880,
NHG,2013-10,98958,
NHG,2013-11,96624,
NHG,2013-12,94668,
NHG,2014-01,92841,
NHG,2014-02,96624,
NHG,2014-03,100517,
NHG,2014-04,97523,
NHG,2014-05,87359,
NHG,2014-06,75346,
NHG,2014-07,63068,
NHG,2014-08,51859,
NHG,2014-09,44093,
NHG,2014-10,41163,
NHG,2014-11,40465,
NHG,2014-12,49624,
NHG,2015-01,50099,
NHG,2015-02,66272,
NHG,2015-03,65362,
NHG,2015-04,63478,
NHG,2015-05,58559,
NHG,2015-06,51722,
NHG,2015-07,42836,
NHG,2015-08,34216,
NHG,2015-09,28142,
NHG,2015-10,26164,
NHG,2015-11,24582,
NHG,2015-12,37899,
NHG,2016-01,72944,
NHG,2016-02,81372,
NHG,2016-03,137095,
NHG,2016-04,138028,
NHG,2016-05,129885,
NHG,2016-06,118356,
NHG,2016-07,105160,
NHG,2016-08,91712,
NHG,2016-09,79699,
NHG,2016-10,76794,
NHG,2016-11,77120,
NHG,2016-12,96144,
NHG,2017-01,173494,
NHG,2017-02,220437,
NHG,2017-03,212206,
NHG,2017-04,246304,
NHG,2017-05,246562,
NHG,2017-06,238617,
NHG,2017-07,224147,
NHG,2017-08,210049,
NHG,2017-09,198535,
NHG,2017-10,193810,
NHG,2017-11,157137,
NHG,2017-12,151993,
NHG,2018-01,158056,
NHG,2018-02,158632,
NHG,2018-03,208540,
NHG,2018-04,222235,
NHG,2018-05,212612,
NHG,2018-06,199122,
NHG,2018-07,184953,
NHG,2018-08,172195,
NHG,2018-09,162112,
NHG,2018-10,155763,
NHG,2018-11,152021,
NHG,2018-12,151824,
NHG,2019-01,172105,
NHG,2019-02,187059,
NHG,2019-03,211126,
NHG,2019-04,229019,
NHG,2019-05,227225,
NHG,2019-06,200659,
NHG,2019-07,179051,
NHG,2019-08,159903,
NHG,2019-09,151374,
NHG,2019-10,147163,
NHG,2019-11,145234,
NHG,2019-12,151655,
NHG,2020-01,151880,
NHG,2020-02,153178,
NHG,2020-03,173918,
NHG,2020-04,194325,
NHG,2020-05,187754,
NHG,2020-06,176352,
NHG,2020-07,163281,
NHG,2020-08,150672,
NHG,2020-09,141064,
NHG,2020-10,136404,
NHG,2020-11,133136,
NHG,2020-12,132822,
NHG,2021-01,143263,
NHG,2021-02,147856,
NHG,2021-03,152500,
NHG,2021-04,148161,
NHG,2021-05,136856,
NHG,2021-06,124550,
NHG,2021-07,110867,
NHG,2021-08,98803,
NHG,2021-09,88748,
NHG,2021-10,90402,
NHG,2021-11,88540,
NHG,2021-12,126807,
NHG,2022-01,133188,
NHG,2022-02,132534,
NHG,2022-03,132143,
NHG,2022-04,129756,
NHG,2022-05,119659,
NHG,2022-06,104040,
NHG,2022-07,86823,
NHG,2022-08,70514,
NHG,2022-09,56123,
NHG,2022-10,51072,
NHG,2022-11,49284,
NHG,2022-12,120005,
NHG,2023-01,170272,
NHG,2023-02,190323,
NHG,2023-03,220161,
NHG,2023-04,239737,
NHG,2023-05,238978,
NHG,2023-06,229160,
NHG,2023-07,214477,
NHG,2023-08,201577,
NHG,2023-09,191151,
NHG,2023-10,184796,
NHG,2023-11,175468,
NHG,2023-12,168986,
NHG,2024-01,172497,
NHG,2024-02,198828,
NHG,2024-03,224809,
NHG,2024-04,240244,
NHG,2024-05,235811,
NHG,2024-06,223173,
NHG,2024-07,207337,
NHG,2024-08,193521,
NHG,2024-09,182673,
NHG,2024-10,175437,
NHG,2024-11,168837,
NHG,2024-12,166549,
NHG,2025-01,163896,
NHG,2025-02,188228,
NHG,2025-03,210823,
NHG,2025-04,218887,
NHG,2025-05,208607,
NHG,2025-06,195938,
NHG,2025-07,181989,
NHG,2025-08,168390,
NHG,2025-09,157223,
NHG,2025-10,151233,
NHG,2025-11,153857,
NHG,2025-12,163720,
NHG,2026-01,178804,
NHG,2026-02,206737,
NHG,2026-03,209714,
NHG,2026-04,213289,
NHG,2026-05,207384,
NHG,2026-06,194908,
NHG,2026-07,180760,
NHG,2026-08,166750,
NHG,2026-09,156973,
NML,2011-10,1944064,
NML,2011-11,1962608,
NML,2011-12,1974661,
NML,2012-01,1972469,
NML,2012-02,1964905,
NML,2012-03,1981590,
NML,2012-04,1945044,
NML,2012-05,1837855,
NML,2012-06,1735018,
NML,2012-07,1637702,
NML,2012-08,1556392,
NML,2012-09,1510706,
NML,2012-10,1477425,
NML,2012-11,1502599,
NML,2012-12,1593641,
NML,2013-01,1635643,
NML,2013-02,1600114,
NML,2013-03,1553922,
NML,2013-04,1457437,
NML,2013-05,1334186,
NML,2013-06,1252644,
NML,2013-07,1159291,
NML,2013-08,1087462,
NML,2013-09,1047055,
NML,2013-10,1025200,
NML,2013-11,1037292,
NML,2013-12,1048613,
NML,2014-01,1045600,
NML,2014-02,1060019,
NML,2014-03,1036628,
NML,2014-04,917188,
NML,2014-05,799143,
NML,2014-06,712700,
NML,2014-07,625841,
NML,2014-08,553486,
NML,2014-09,519723,
NML,2014-10,513336,
NML,2014-11,513099,
NML,2014-12,547389,
NML,2015-01,562683,
NML,2015-02,605603,
NML,2015-03,553486,
NML,2015-04,491080,
NML,2015-05,452563,
NML,2015-06,401254,
NML,2015-07,343869,
NML,2015-08,294767,
NML,2015-09,267700,
NML,2015-10,271444,
NML,2015-11,267250,
NML,2015-12,310248,
NML,2016-01,392920,
NML,2016-02,458704,
NML,2016-03,617344,
NML,2016-04,622100,
NML,2016-05,624233,
NML,2016-06,630628,
NML,2016-07,582745,
NML,2016-08,544428,
NML,2016-09,528429,
NML,2016-10,509971,
NML,2016-11,528622,
NML,2016-12,628257,
NML,2017-01,1012764,
NML,2017-02,1577779,
NML,2017-03,1811888,
NML,2017-04,2002009,
NML,2017-05,2079169,
NML,2017-06,2181351,
NML,2017-07,2140535,
NML,2017-08,2044794,
NML,2017-09,2023891,
NML,2017-10,2000459,
NML,2017-11,1998133,
NML,2017-12,1980930,
NML,2018-01,1981480,
NML,2018-02,1919574,
NML,2018-03,2018876,
NML,2018-04,2061993,
NML,2018-05,1959767,
NML,2018-06,1907831,
NML,2018-07,1870946,
NML,2018-08,1824631,
NML,2018-09,1784903,
NML,2018-10,1756323,
NML,2018-11,1765237,
NML,2018-12,1789248,
NML,2019-01,1870521,
NML,2019-02,2005331,
NML,2019-03,2001123,
NML,2019-04,1920977,
NML,2019-05,2047263,
NML,2019-06,2222758,
NML,2019-07,2142378,
NML,2019-08,2052088,
NML,2019-09,2033152,
NML,2019-10,1998687,
NML,2019-11,2000348,
NML,2019-12,1980710,
NML,2020-01,1983350,
NML,2020-02,1929521,
NML,2020-03,1892277,
NML,2020-04,1904608,
NML,2020-05,1835434,
NML,2020-06,1716190,
NML,2020-07,1637898,
NML,2020-08,1574422,
NML,2020-09,1519308,
NML,2020-10,1497300,
NML,2020-11,1516300,
NML,2020-12,1547852,
NML,2021-01,1554871,
NML,2021-02,1555250,
NML,2021-03,1538868,
NML,2021-04,1461454,
NML,2021-05,1362400,
NML,2021-06,1215934,
NML,2021-07,1035964,
NML,2021-08,904552,
NML,2021-09,842513,
NML,2021-10,828106,
NML,2021-11,860805,
NML,2021-12,940916,
NML,2022-01,992695,
NML,2022-02,984394,
NML,2022-03,935105,
NML,2022-04,922382,
NML,2022-05,862512,
NML,2022-06,783602,
NML,2022-07,711148,
NML,2022-08,640700,
NML,2022-09,619050,
NML,2022-10,583669,
NML,2022-11,586034,
NML,2022-12,702757,
NML,2023-01,986537,
NML,2023-02,1097525,
NML,2023-03,1393400,
NML,2023-04,1513500,
NML,2023-05,1829700,
NML,2023-06,2037961,
NML,2023-07,2032800,
NML,2023-08,1920000,
NML,2023-09,1896500,
NML,2023-10,1890600,
NML,2023-11,1937900,
NML,2023-12,1982250,
NML,2024-01,1979900,
NML,2024-02,1977400,
NML,2024-03,2007878,
NML,2024-04,2056000,
NML,2024-05,2096314,
NML,2024-06,2004334,
NML,2024-07,1933400,
NML,2024-08,1866100,
NML,2024-09,1823400,
NML,2024-10,1797000,
NML,2024-11,1818673,
NML,2024-12,1853000,
NML,2025-01,1868501,
NML,2025-02,1933700,
NML,2025-03,1983900,
NML,2025-04,1994819,
NML,2025-05,1914077,
NML,2025-06,1814700,
NML,2025-07,1726094,
NML,2025-08,1650085,
NML,2025-09,1625300,
NML,2025-10,1616603,
NML,2025-11,1644672,
NML,2025-12,1692977,
NML,2026-01,1784179,
NML,2026-02,1836400,
NML,2026-03,1883620,
NML,2026-04,1868288,
NML,2026-05,1812513,
NML,2026-06,1694080,
NML,2026-07,1616603,
NML,2026-08,1562000,
NML,2026-09,1532552,
ORO,2011-10,2895802,
ORO,2011-11,2806607,
ORO,2011-12,2545085,
ORO,2012-01,2544960,
ORO,2012-02,2519738,
ORO,2012-03,2942669,
ORO,2012-04,3422147,
ORO,2012-05,3499941,
ORO,2012-06,3225696,
ORO,2012-07,2672806,
ORO,2012-08,2229540,
ORO,2012-09,1977171,
ORO,2012-10,1826464,
ORO,2012-11,1861555,
ORO,2012-12,2524968,
ORO,2013-01,2691914,
ORO,2013-02,2848116,
ORO,2013-03,2981941,
ORO,2013-04,3040407,
ORO,2013-05,2812109,
ORO,2013-06,2557762,
ORO,2013-07,2143724,
ORO,2013-08,1783469,
ORO,2013-09,1633287,
ORO,2013-10,1528375,
ORO,2013-11,1391616,
ORO,2013-12,1285882,
ORO,2014-01,1262049,
ORO,2014-02,1406989,
ORO,2014-03,1716103,
ORO,2014-04,1876552,
ORO,2014-05,1734181,
ORO,2014-06,1511388,
ORO,2014-07,1252662,
ORO,2014-08,1100386,
ORO,2014-09,1075879,
ORO,2014-10,953720,
ORO,2014-11,910446,
ORO,2014-12,1346988,
ORO,2015-01,1443957,
ORO,2015-02,1735519,
ORO,2015-03,1793611,
ORO,2015-04,1782496,
ORO,2015-05,1565377,
ORO,2015-06,1395387,
ORO,2015-07,1161959,
ORO,2015-08,1072117,
ORO,2015-09,1057227,
ORO,2015-10,1006530,
ORO,2015-11,929152,
ORO,2015-12,1016837,
ORO,2016-01,1534234,
ORO,2016-02,1864669,
ORO,2016-03,3059742,
ORO,2016-04,3399820,
ORO,2016-05,3307333,
ORO,2016-06,2957945,
ORO,2016-07,2333733,
ORO,2016-08,1839567,
ORO,2016-09,1618960,
ORO,2016-10,1559166,
ORO,2016-11,1485786,
ORO,2016-12,1981577,
ORO,2017-01,2841754,
ORO,2017-02,2706003,
ORO,2017-03,2681122,
ORO,2017-04,2621552,
ORO,2017-05,2465532,
ORO,2017-06,2331494,
ORO,2017-07,2111246,
ORO,2017-08,1704000,
ORO,2017-09,1331591,
ORO,2017-10,1217912,r
ORO,2017-11,1268268,
ORO,2017-12,1230752,
ORO,2018-01,1408227,
ORO,2018-02,1460064,
ORO,2018-03,2093173,
ORO,2018-04,2432967,
ORO,2018-05,2409544,
ORO,2018-06,2253033,
ORO,2018-07,1943932,
ORO,2018-08,1596780,
ORO,2018-09,1364688,
ORO,2018-10,1178891,
ORO,2018-11,1029870,
ORO,2018-12,1031666,
ORO,2019-01,1403938,
ORO,2019-02,2188476,
ORO,2019-03,2849335,
ORO,2019-04,3285244,
ORO,2019-05,3461356,
ORO,2019-06,3457467,
ORO,2019-07,3107018,
ORO,2019-08,2637318,
ORO,2019-09,2228284,
ORO,2019-10,2045000,r
ORO,2019-11,1922000,r
ORO,2019-12,2079000,r
ORO,2020-01,2204000,r
ORO,2020-02,2252000,r
ORO,2020-03,2294000,r
ORO,2020-04,2490000,r
ORO,2020-05,2428000,r
ORO,2020-06,2179000,r
ORO,2020-07,1876000,r
ORO,2020-08,1705000,r
ORO,2020-09,1631000,r
ORO,2020-10,1503000,r
ORO,2020-11,1310000,r
ORO,2020-12,1237000,r
ORO,2021-01,1239000,r
ORO,2021-02,1345000,r
ORO,2021-03,1435000,r
ORO,2021-04,1486000,r
ORO,2021-05,1341000,r
ORO,2021-06,1128000,r
ORO,2021-07,884600,r
ORO,2021-08,799500,r
ORO,2021-09,787600,r
ORO,2021-10,979800,r
ORO,2021-11,1055000,r
ORO,2021-12,1359000,r
ORO,2022-01,1642000,r
ORO,2022-02,1655000,r
ORO,2022-03,1676000,r
ORO,2022-04,1917000,r
ORO,2022-05,1908000,r
ORO,2022-06,1721000,r
ORO,2022-07,1453000,r
ORO,2022-08,1311000,r
ORO,2022-09,1230000,r
ORO,2022-10,1104000,r
ORO,2022-11,964400,r
ORO,2022-12,1274000,r
ORO,2023-01,2300000,r
ORO,2023-02,2579000,r
ORO,2023-03,2909000,r
ORO,2023-04,3231000,r
ORO,2023-05,3455000,r
ORO,2023-06,3509000,r
ORO,2023-07,3235000,r
ORO,2023-08,2872000,r
ORO,2023-09,2595000,r
ORO,2023-10,2422000,r
ORO,2023-11,2331000,r
ORO,2023-12,2407000,r
ORO,2024-01,2704000,r
ORO,2024-02,2948000,r
ORO,2024-03,3110000,r
ORO,2024-04,3461000,r
ORO,2024-05,3531000,r
ORO,2024-06,3251000,r
ORO,2024-07,2759000,r
ORO,2024-08,2308000,r
ORO,2024-09,1887000,r
ORO,2024-10,1728000,r
ORO,2024-11,1902000,r
ORO,2024-12,2315000,r
ORO,2025-01,2588000,r
ORO,2025-02,2866000,r
ORO,2025-03,3024000,r
ORO,2025-04,3278000,r
ORO,2025-05,3415000,r
ORO,2025-06,3232000,r
ORO,2025-07,2730000,r
ORO,2025-08,2322000,r
ORO,2025-09,2059000,r
ORO,2025-10,1835511,
ORO,2025-11,1761235,
ORO,2025-12,2374654,
ORO,2026-01,2825269,
ORO,2026-02,2927100,
ORO,2026-03,3090516,
ORO,2026-04,3319917,
ORO,2026-05,3331618,
ORO,2026-06,3082292,
ORO,2026-07,2512790,
ORO,2026-08,1973153,
ORO,2026-09,1628223,
PAR,2011-10,163300,
PAR,2011-11,172200,
PAR,2011-12,167080,
PAR,2012-01,176660,
PAR,2012-02,166730,
PAR,2012-03,188080,
PAR,2012-04,198390,
PAR,2012-05,195270,
PAR,2012-06,192730,
PAR,2012-07,195850,
PAR,2012-08,191630,
PAR,2012-09,189120,
PAR,2012-10,181220,
PAR,2012-11,186360,
PAR,2012-12,179970,
PAR,2013-01,173730,
PAR,2013-02,165650,
PAR,2013-03,170505,
PAR,2013-04,183660,
PAR,2013-05,191570,
PAR,2013-06,196690,
PAR,2013-07,194960,
PAR,2013-08,194610,
PAR,2013-09,189770,
PAR,2013-10,180550,
PAR,2013-11,179840,
PAR,2013-12,175030,
PAR,2014-01,158630,
PAR,2014-02,159970,
PAR,2014-03,161070,
PAR,2014-04,163240,
PAR,2014-05,176350,
PAR,2014-06,183780,
PAR,2014-07,173060,
PAR,2014-08,172920,
PAR,2014-09,162400,
PAR,2014-10,160567,
PAR,2014-11,170783,
PAR,2014-12,167754,
PAR,2015-01,165502,
PAR,2015-02,178472,
PAR,2015-03,176140,
PAR,2015-04,178584,
PAR,2015-05,179171,
PAR,2015-06,175220,
PAR,2015-07,170545,
PAR,2015-08,162984,
PAR,2015-09,139564,
PAR,2015-10,107579,
PAR,2015-11,107445,
PAR,2015-12,126964,
PAR,2016-01,163030,
PAR,2016-02,174550,
PAR,2016-03,193510,
PAR,2016-04,179894,
PAR,2016-05,196015,
PAR,2016-06,186740,
PAR,2016-07,189024,
PAR,2016-08,186727,
PAR,2016-09,182717,
PAR,2016-10,188829,
PAR,2016-11,193726,
PAR,2016-12,187929,
PAR,2017-01,204450,
PAR,2017-02,203570,
PAR,2017-03,192165,
PAR,2017-04,199841,
PAR,2017-05,206005,
PAR,2017-06,204604,
PAR,2017-07,198466,
PAR,2017-08,192271,
PAR,2017-09,189098,
PAR,2017-10,187585,
PAR,2017-11,201258,
PAR,2017-12,192897,
PAR,2018-01,181850,
PAR,2018-02,185600,
PAR,2018-03,201516,
PAR,2018-04,204516,
PAR,2018-05,202646,
PAR,2018-06,196835,
PAR,2018-07,201371,
PAR,2018-08,198913,
PAR,2018-09,197170,
PAR,2018-10,187273,
PAR,2018-11,190088,
PAR,2018-12,185335,
PAR,2019-01,184266,
PAR,2019-02,181797,
PAR,2019-03,192920,
PAR,2019-04,205410,
PAR,2019-05,205969,
PAR,2019-06,204466,
PAR,2019-07,202769,
PAR,2019-08,199310,
PAR,2019-09,196118,
PAR,2019-10,179983,
PAR,2019-11,177477,
PAR,2019-12,177821,
PAR,2020-01,184695,
PAR,2020-02,181495,
PAR,2020-03,187345,
PAR,2020-04,183670,
PAR,2020-05,200446,
PAR,2020-06,202629,
PAR,2020-07,201742,
PAR,2020-08,199600,
PAR,2020-09,196600,
PAR,2020-10,186640,
PAR,2020-11,188330,
PAR,2020-12,186640,
PAR,2021-01,187610,
PAR,2021-02,187950,
PAR,2021-03,189440,
PAR,2021-04,178820,
PAR,2021-05,184310,
PAR,2021-06,184450,
PAR,2021-07,177540,
PAR,2021-08,172680,
PAR,2021-09,157220,
PAR,2021-10,156870,
PAR,2021-11,168110,
PAR,2021-12,177800,
PAR,2022-01,175370,
PAR,2022-02,158810,
PAR,2022-03,177430,
PAR,2022-04,196360,
PAR,2022-05,200940,
PAR,2022-06,196230,
PAR,2022-07,197520,
PAR,2022-08,195080,
PAR,2022-09,193230,
PAR,2022-10,179420,
PAR,2022-11,195560,
PAR,2022-12,209950,
PAR,2023-01,187631,
PAR,2023-02,188352,
PAR,2023-03,198370,
PAR,2023-04,205980,
PAR,2023-05,207040,
PAR,2023-06,205960,
PAR,2023-07,201251,
PAR,2023-08,197125,
PAR,2023-09,189116,
PAR,2023-10,170500,
PAR,2023-11,168615,
PAR,2023-12,176478,
PAR,2024-01,173880,
PAR,2024-02,176802,
PAR,2024-03,177433,
PAR,2024-04,178249,
PAR,2024-05,205090,
PAR,2024-06,194412,
PAR,2024-07,199664,
PAR,2024-08,197409,
PAR,2024-09,185610,
PAR,2024-10,148750,e
PAR,2024-11,165570,
PAR,2024-12,179910,
PAR,2025-01,172443,
PAR,2025-02,172005,
PAR,2025-03,183848,
PAR,2025-04,187695,
PAR,2025-05,200170,
PAR,2025-06,199466,
PAR,2025-07,203818,
PAR,2025-08,196581,
PAR,2025-09,194520,
PAR,2025-10,184831,
PAR,2025-11,194800,e
PAR,2025-12,182100,
PAR,2026-01,179478,
PAR,2026-02,186807,
PAR,2026-03,187589,
PAR,2026-04,201096,
PAR,2026-05,199159,
PAR,2026-06,194045,
PAR,2026-07,196320,e
PAR,2026-09,187208,
PNF,2011-10,555635,
PNF,2011-11,552805,
PNF,2011-12,557009,
PNF,2012-01,584474,
PNF,2012-02,597594,
PNF,2012-03,641243,
PNF,2012-04,743656,
PNF,2012-05,815358,
PNF,2012-06,597683,
PNF,2012-07,313605,
PNF,2012-08,205860,
PNF,2012-09,193044,
PNF,2012-10,201868,
PNF,2012-11,214281,
PNF,2012-12,256977,
PNF,2013-01,292692,
PNF,2013-02,323843,
PNF,2013-03,362787,
PNF,2013-04,434936,
PNF,2013-05,484444,
PNF,2013-06,358084,
PNF,2013-07,189211,
PNF,2013-08,152752,
PNF,2013-09,153911,
PNF,2013-10,159353,
PNF,2013-11,168622,
PNF,2013-12,173442,
PNF,2014-01,176043,
PNF,2014-02,190435,
PNF,2014-03,221099,
PNF,2014-04,306434,
PNF,2014-05,430031,
PNF,2014-06,351920,
PNF,2014-07,140470,
PNF,2014-08,113970,
PNF,2014-09,114150,
PNF,2014-10,112789,
PNF,2014-11,119330,
PNF,2014-12,129804,
PNF,2015-01,131918,
PNF,2015-02,160449,
PNF,2015-03,184983,
PNF,2015-04,211161,
PNF,2015-05,265091,
PNF,2015-06,266408,
PNF,2015-07,156200,
PNF,2015-08,125611,
PNF,2015-09,118660,
PNF,2015-10,119119,
PNF,2015-11,132586,
PNF,2015-12,150598,
PNF,2016-01,201894,
PNF,2016-02,268816,
PNF,2016-03,386927,
PNF,2016-04,520303,
PNF,2016-05,629320,
PNF,2016-06,580006,
PNF,2016-07,328470,
PNF,2016-08,197293,
PNF,2016-09,159576,
PNF,2016-10,185975,
PNF,2016-11,208244,
PNF,2016-12,275988,
PNF,2017-01,618104,
PNF,2017-02,776012,
PNF,2017-03,585267,
PNF,2017-04,504494,
PNF,2017-05,757053,
PNF,2017-06,991966,
PNF,2017-07,896142,
PNF,2017-08,712892,
PNF,2017-09,590661,
PNF,2017-10,469524,
PNF,2017-11,475725,
PNF,2017-12,493205,
PNF,2018-01,517568,
PNF,2018-02,524795,
PNF,2018-03,659514,
PNF,2018-04,875103,
PNF,2018-05,881660,
PNF,2018-06,697364,
PNF,2018-07,429617,
PNF,2018-08,276496,
PNF,2018-09,222242,
PNF,2018-10,239567,
PNF,2018-11,270526,
PNF,2018-12,317737,
PNF,2019-01,384118,
PNF,2019-02,572987,
PNF,2019-03,553833,
PNF,2019-04,661959,
PNF,2019-05,742854,
PNF,2019-06,941635,
PNF,2019-07,877634,
PNF,2019-08,670836,
PNF,2019-09,555291,
PNF,2019-10,427814,
PNF,2019-11,414417,
PNF,2019-12,472086,
PNF,2020-01,490947,
PNF,2020-02,510064,
PNF,2020-03,540419,
PNF,2020-04,685899,
PNF,2020-05,819375,
PNF,2020-06,640411,
PNF,2020-07,338758,
PNF,2020-08,214281,
PNF,2020-09,206781,
PNF,2020-10,204865,
PNF,2020-11,207987,
PNF,2020-12,215929,
PNF,2021-01,223602,
PNF,2021-02,241204,
PNF,2021-03,265208,
PNF,2021-04,328143,
PNF,2021-05,404841,
PNF,2021-06,286265,
PNF,2021-07,214255,
PNF,2021-08,197968,
PNF,2021-09,199046,
PNF,2021-10,207166,
PNF,2021-11,230981,
PNF,2021-12,273398,
PNF,2022-01,291677,
PNF,2022-02,321154,
PNF,2022-03,376949,
PNF,2022-04,489739,
PNF,2022-05,623425,
PNF,2022-06,483165,
PNF,2022-07,216349,
PNF,2022-08,133113,
PNF,2022-09,149473,
PNF,2022-10,156155,
PNF,2022-11,174119,
PNF,2022-12,255972,
PNF,2023-01,526088,
PNF,2023-02,544107,
PNF,2023-03,725043,
PNF,2023-04,428227,
PNF,2023-05,500581,
PNF,2023-06,809775,
PNF,2023-07,966575,
PNF,2023-08,828560,
PNF,2023-09,661535,
PNF,2023-10,559075,
PNF,2023-11,572943,
PNF,2023-12,602016,
PNF,2024-01,642910,
PNF,2024-02,721883,
PNF,2024-03,802591,
PNF,2024-04,929452,
PNF,2024-05,983459,
PNF,2024-06,885530,
PNF,2024-07,593367,
PNF,2024-08,402002,
PNF,2024-09,395129,
PNF,2024-10,399535,
PNF,2024-11,416597,
PNF,2024-12,453025,
PNF,2025-01,482446,
PNF,2025-02,560799,
PNF,2025-03,668752,
PNF,2025-04,765939,
PNF,2025-05,856688,
PNF,2025-06,674252,
PNF,2025-07,352936,
PNF,2025-08,237853,
PNF,2025-09,227330,
PNF,2025-10,264712,
PNF,2025-11,305867,
PNF,2025-12,379025,
PNF,2026-01,507439,
PNF,2026-02,599424,
PNF,2026-03,780742,
PNF,2026-04,842691,
PNF,2026-05,813249,
PNF,2026-06,585223,
PNF,2026-07,285201,
PNF,2026-08,175103,
PNF,2026-09,158128,
PRR,2011-10,67640,
PRR,2011-11,73036,
PRR,2011-12,71642,
PRR,2012-01,68868,
PRR,2012-02,73953,
PRR,2012-03,73953,
PRR,2012-04,73840,
PRR,2012-05,73840,
PRR,2012-06,71809,
PRR,2012-07,71642,
PRR,2012-08,73129,
PRR,2012-09,72013,
PRR,2012-10,73129,
PRR,2012-11,74253,
PRR,2012-12,69417,
PRR,2013-01,62531,
PRR,2013-02,71753,
PRR,2013-03,73279,
PRR,2013-04,71902,
PRR,2013-05,72868,
PRR,2013-06,68832,
PRR,2013-07,69217,
PRR,2013-08,70830,
PRR,2013-09,72570,
PRR,2013-10,73279,
PRR,2013-11,73541,
PRR,2013-12,72459,
PRR,2014-01,72217,
PRR,2014-02,73691,
PRR,2014-03,69381,
PRR,2014-04,63053,
PRR,2014-05,61527,
PRR,2014-06,60120,
PRR,2014-07,61838,
PRR,2014-08,62062,
PRR,2014-09,55245,
PRR,2014-10,49860,e
PRR,2014-11,45649,
PRR,2014-12,49954,
PRR,2015-01,46545,
PRR,2015-02,45181,
PRR,2015-03,50269,
PRR,2015-04,51378,
PRR,2015-05,52177,
PRR,2015-06,48391,
PRR,2015-07,47157,
PRR,2015-08,46851,
PRR,2015-09,46851,
PRR,2015-10,46698,
PRR,2015-11,46393,
PRR,2015-12,46393,
PRR,2016-01,47311,
PRR,2016-02,45031,
PRR,2016-03,47480,
PRR,2016-04,47311,
PRR,2016-05,44640,
PRR,2016-06,49045,
PRR,2016-07,47557,
PRR,2016-08,48051,
PRR,2016-09,48407,
PRR,2016-10,48718,
PRR,2016-11,49608,
PRR,2016-12,49467,
PRR,2017-01,49828,
PRR,2017-02,58054,
PRR,2017-03,58475,
PRR,2017-04,57953,
PRR,2017-05,59660,
PRR,2017-06,58897,
PRR,2017-07,57618,
PRR,2017-08,56136,
PRR,2017-09,58796,
PRR,2017-10,59371,
PRR,2017-11,60137,
PRR,2017-12,61234,
PRR,2018-01,69783,
PRR,2018-02,74329,
PRR,2018-03,86587,
PRR,2018-04,95082,
PRR,2018-05,104364,
PRR,2018-06,103661,
PRR,2018-07,102557,
PRR,2018-08,101773,
PRR,2018-09,102578,
PRR,2018-10,108274,
PRR,2018-11,114386,
PRR,2018-12,114386,
PRR,2019-01,114916,
PRR,2019-02,114717,
PRR,2019-03,109487,
PRR,2019-04,107712,
PRR,2019-05,121047,
PRR,2019-06,126452,
PRR,2019-07,119251,
PRR,2019-08,112102,
PRR,2019-09,97823,
PRR,2019-10,88936,
PRR,2019-11,90007,
PRR,2019-12,94669,
PRR,2020-01,90717,
PRR,2020-02,102154,
PRR,2020-03,121385,
PRR,2020-04,122265,
PRR,2020-05,120597,
PRR,2020-06,123374,
PRR,2020-07,123964,
PRR,2020-08,124169,
PRR,2020-09,123170,
PRR,2020-10,122242,
PRR,2020-11,121655,
PRR,2020-12,122107,
PRR,2021-01,121926,
PRR,2021-02,119878,
PRR,2021-03,118915,
PRR,2021-04,118513,
PRR,2021-05,117398,
PRR,2021-06,115645,
PRR,2021-07,113814,
PRR,2021-08,111861,
PRR,2021-09,110269,
PRR,2021-10,108793,
PRR,2021-11,107604,
PRR,2021-12,107151,
PRR,2022-01,106053,
PRR,2022-02,105197,
PRR,2022-03,104257,
PRR,2022-04,103172,
PRR,2022-05,101688,
PRR,2022-06,100065,
PRR,2022-07,98011,
PRR,2022-08,96262,
PRR,2022-09,94875,
PRR,2022-10,93537,
PRR,2022-11,92450,
PRR,2022-12,91653,
PRR,2023-01,91715,
PRR,2023-02,91531,
PRR,2023-03,106268,
PRR,2023-04,120058,
PRR,2023-05,121182,
PRR,2023-06,107043,
PRR,2023-07,94648,
PRR,2023-08,86348,
PRR,2023-09,75422,
PRR,2023-10,76808,
PRR,2023-11,81182,
PRR,2023-12,76370,
PRR,2024-01,84026,
PRR,2024-02,90697,
PRR,2024-03,96511,
PRR,2024-04,99560,
PRR,2024-05,100886,
PRR,2024-06,100717,
PRR,2024-07,100191,
PRR,2024-08,100823,
PRR,2024-09,103853,
PRR,2024-10,104279,
PRR,2024-11,104855,
PRR,2024-12,105347,
PRR,2025-01,107561,
PRR,2025-02,109075,
PRR,2025-03,112255,
PRR,2025-04,112979,
PRR,2025-05,118156,
PRR,2025-06,119878,
PRR,2025-07,120687,
PRR,2025-08,121339,
PRR,2025-09,122830,
PRR,2025-10,126109,
PRR,2025-11,127139,
PRR,2025-12,124601,
PRR,2026-01,121475,
PRR,2026-02,118000,
PRR,2026-03,107151,
PRR,2026-04,117465,
PRR,2026-05,117643,
PRR,2026-06,118357,
PRR,2026-07,119811,
PRR,2026-08,120125,
PRR,2026-09,124807,
PYM,2011-10,167985,
PYM,2011-11,167588,
PYM,2011-12,168459,
PYM,2012-01,166923,
PYM,2012-02,165955,
PYM,2012-03,168446,
PYM,2012-04,166630,
PYM,2012-05,168061,
PYM,2012-06,166566,
PYM,2012-07,167345,
PYM,2012-08,165156,
PYM,2012-09,168819,
PYM,2012-10,164030,
PYM,2012-11,164283,
PYM,2012-12,167908,
PYM,2013-01,166210,
PYM,2013-02,167153,
PYM,2013-03,167153,
PYM,2013-04,166847,
PYM,2013-05,164321,
PYM,2013-06,167882,
PYM,2013-07,164839,
PYM,2013-08,165676,
PYM,2013-09,166961,
PYM,2013-10,163866,
PYM,2013-11,168138,
PYM,2013-12,167383,
PYM,2014-01,168267,
PYM,2014-02,168780,
PYM,2014-03,168408,
PYM,2014-04,165181,
PYM,2014-05,164624,
PYM,2014-06,162747,
PYM,2014-07,166120,
PYM,2014-08,166949,
PYM,2014-09,168036,
PYM,2014-10,166604,
PYM,2014-11,167396,
PYM,2014-12,167869,
PYM,2015-01,167856,
PYM,2015-02,167972,
PYM,2015-03,165663,
PYM,2015-04,165320,
PYM,2015-05,168010,
PYM,2015-06,167972,
PYM,2015-07,166719,
PYM,2015-08,168511,
PYM,2015-09,167639,
PYM,2015-10,168755,
PYM,2015-11,168254,
PYM,2015-12,166987,
PYM,2016-01,169154,
PYM,2016-02,164498,
PYM,2016-03,168036,
PYM,2016-04,162333,
PYM,2016-05,168203,
PYM,2016-06,164700,
PYM,2016-07,169205,
PYM,2016-08,168408,
PYM,2016-09,167191,
PYM,2016-10,166426,
PYM,2016-11,165815,
PYM,2016-12,164649,
PYM,2017-01,165320,
PYM,2017-02,165092,
PYM,2017-03,166426,
PYM,2017-04,165587,
PYM,2017-05,165701,
PYM,2017-06,163791,
PYM,2017-07,165981,
PYM,2017-08,166949,
PYM,2017-09,166655,
PYM,2017-10,166235,
PYM,2017-11,165676,
PYM,2017-12,165143,
PYM,2018-01,165701,
PYM,2018-02,166197,
PYM,2018-03,163866,
PYM,2018-04,165917,
PYM,2018-05,165219,
PYM,2018-06,164978,
PYM,2018-07,163967,
PYM,2018-08,166630,
PYM,2018-09,164283,
PYM,2018-10,165663,
PYM,2018-11,165244,
PYM,2018-12,155208,
PYM,2019-01,155573,
PYM,2019-02,156477,
PYM,2019-03,168138,
PYM,2019-04,166719,
PYM,2019-05,162822,
PYM,2019-06,166655,
PYM,2019-07,167179,
PYM,2019-08,167716,
PYM,2019-09,166885,
PYM,2019-10,166184,
PYM,2019-11,166464,
PYM,2019-12,155585,
PYM,2020-01,154103,
PYM,2020-02,155354,
PYM,2020-03,164194,
PYM,2020-04,165841,
PYM,2020-05,166197,
PYM,2020-06,166120,
PYM,2020-07,165968,
PYM,2020-08,166681,
PYM,2020-09,167421,
PYM,2020-10,165536,
PYM,2020-11,163753,
PYM,2020-12,152580,
PYM,2021-01,153087,
PYM,2021-02,154551,
PYM,2021-03,166655,
PYM,2021-04,162271,
PYM,2021-05,165790,
PYM,2021-06,163413,
PYM,2021-07,163375,
PYM,2021-08,167933,
PYM,2021-09,165663,
PYM,2021-10,164991,
PYM,2021-11,164725,
PYM,2021-12,154636,
PYM,2022-01,152990,
PYM,2022-02,152460,
PYM,2022-03,162020,
PYM,2022-04,162308,
PYM,2022-05,164485,
PYM,2022-06,162396,
PYM,2022-07,163917,
PYM,2022-08,168010,
PYM,2022-09,165853,
PYM,2022-10,167025,
PYM,2022-11,165663,
PYM,2022-12,157458,
PYM,2023-01,152364,
PYM,2023-02,154224,
PYM,2023-03,164182,
PYM,2023-04,166630,
PYM,2023-05,165498,
PYM,2023-06,163955,
PYM,2023-07,162509,
PYM,2023-08,160386,
PYM,2023-09,166821,
PYM,2023-10,163212,
PYM,2023-11,162509,
PYM,2023-12,155890,
PYM,2024-01,154588,
PYM,2024-02,155281,
PYM,2024-03,157126,
PYM,2024-04,166808,
PYM,2024-05,163136,
PYM,2024-06,166974,
PYM,2024-07,165168,
PYM,2024-08,168883,
PYM,2024-09,166668,
PYM,2024-10,164599,
PYM,2024-11,166222,
PYM,2024-12,153582,
PYM,2025-01,153655,
PYM,2025-02,154758,
PYM,2025-03,167281,
PYM,2025-04,163929,
PYM,2025-05,159803,
PYM,2025-06,164447,
PYM,2025-07,162509,
PYM,2025-08,166171,
PYM,2025-09,166044,
PYM,2025-10,164384,
PYM,2025-11,160822,
PYM,2025-12,150220,
PYM,2026-01,155524,
PYM,2026-02,153389,
PYM,2026-03,164371,
PYM,2026-04,164144,
PYM,2026-05,165396,
PYM,2026-06,163061,
PYM,2026-07,162534,
PYM,2026-08,164561,
PYM,2026-09,163993,
SHA,2011-10,3226770,
SHA,2011-11,3150229,
SHA,2011-12,3094584,
SHA,2012-01,3107334,
SHA,2012-02,3169235,
SHA,2012-03,3853414,
SHA,2012-04,4440094,
SHA,2012-05,4299311,
SHA,2012-06,3880716,
SHA,2012-07,3271045,
SHA,2012-08,2794523,
SHA,2012-09,2591560,
SHA,2012-10,2466130,
SHA,2012-11,2564273,
SHA,2012-12,3318052,
SHA,2013-01,3473687,
SHA,2013-02,3610647,
SHA,2013-03,3771133,
SHA,2013-04,3788352,
SHA,2013-05,3362531,
SHA,2013-06,2938227,
SHA,2013-07,2433819,
SHA,2013-08,2101287,
SHA,2013-09,1905985,
SHA,2013-10,1744200,
SHA,2013-11,1695999,
SHA,2013-12,1673380,
SHA,2014-01,1655800,
SHA,2014-02,1773314,
SHA,2014-03,2198728,
SHA,2014-04,2408810,
SHA,2014-05,2177212,
SHA,2014-06,1851266,
SHA,2014-07,1575037,
SHA,2014-08,1342087,
SHA,2014-09,1157084,
SHA,2014-10,1108846,
SHA,2014-11,1047922,
SHA,2014-12,1867305,
SHA,2015-01,2000830,
SHA,2015-02,2612715,
SHA,2015-03,2689083,
SHA,2015-04,2662479,
SHA,2015-05,2404134,
SHA,2015-06,2198180,
SHA,2015-07,1990340,
SHA,2015-08,1788558,
SHA,2015-09,1602500,
SHA,2015-10,1416282,
SHA,2015-11,1328945,
SHA,2015-12,1427251,
SHA,2016-01,2346025,
SHA,2016-02,2766120,
SHA,2016-03,4026672,
SHA,2016-04,4233111,
SHA,2016-05,4167076,
SHA,2016-06,3920296,
SHA,2016-07,3544374,
SHA,2016-08,3132231,
SHA,2016-09,2811392,
SHA,2016-10,2765261,
SHA,2016-11,2910211,
SHA,2016-12,3341580,
SHA,2017-01,3546148,
SHA,2017-02,3779345,
SHA,2017-03,4031347,
SHA,2017-04,4262821,
SHA,2017-05,4353084,
SHA,2017-06,4211498,
SHA,2017-07,3941688,
SHA,2017-08,3626594,
SHA,2017-09,3381860,
SHA,2017-10,3176781,
SHA,2017-11,3221291,
SHA,2017-12,3202775,
SHA,2018-01,3349127,
SHA,2018-02,3413598,
SHA,2018-03,3879642,
SHA,2018-04,4194766,
SHA,2018-05,3955254,
SHA,2018-06,3641799,
SHA,2018-07,3146945,
SHA,2018-08,2691395,
SHA,2018-09,2405109,
SHA,2018-10,2191045,
SHA,2018-11,2177030,
SHA,2018-12,2267895,
SHA,2019-01,2911539,
SHA,2019-02,3947653,
SHA,2019-03,4027772,
SHA,2019-04,4223154,
SHA,2019-05,4476827,
SHA,2019-06,4355399,
SHA,2019-07,4024471,
SHA,2019-08,3658340,
SHA,2019-09,3425462,
SHA,2019-10,3271000,r
SHA,2019-11,3209000,r
SHA,2019-12,3330000,r
SHA,2020-01,3482000,r
SHA,2020-02,3546000,r
SHA,2020-03,3600000,r
SHA,2020-04,3687000,r
SHA,2020-05,3529000,r
SHA,2020-06,3147000,r
SHA,2020-07,2678000,r
SHA,2020-08,2351000,r
SHA,2020-09,2200000,r
SHA,2020-10,2082000,r
SHA,2020-11,2023000,r
SHA,2020-12,2032000,r
SHA,2021-01,2129000,r
SHA,2021-02,2277000,r
SHA,2021-03,2392000,r
SHA,2021-04,2288000,r
SHA,2021-05,1976000,r
SHA,2021-06,1746000,r
SHA,2021-07,1454000,r
SHA,2021-08,1227000,r
SHA,2021-09,1074000,r
SHA,2021-10,1002000,r
SHA,2021-11,1117000,r
SHA,2021-12,1331000,r
SHA,2022-01,1621000,r
SHA,2022-02,1690000,r
SHA,2022-03,1735000,r
SHA,2022-04,1808000,r
SHA,2022-05,1815000,r
SHA,2022-06,1777000,r
SHA,2022-07,1683000,r
SHA,2022-08,1590000,r
SHA,2022-09,1515000,r
SHA,2022-10,1414000,r
SHA,2022-11,1399000,r
SHA,2022-12,1524000,r
SHA,2023-01,2570000,r
SHA,2023-02,2747000,r
SHA,2023-03,3771000,r
SHA,2023-04,4430000,r
SHA,2023-05,4458000,r
SHA,2023-06,4275000,r
SHA,2023-07,3890000,r
SHA,2023-08,3531000,r
SHA,2023-09,3332000,r
SHA,2023-10,3146000,r
SHA,2023-11,3075000,r
SHA,2023-12,3113000,r
SHA,2024-01,3624000,r
SHA,2024-02,3749000,r
SHA,2024-03,4194000,r
SHA,2024-04,4364000,r
SHA,2024-05,4298000,r
SHA,2024-06,4000000,r
SHA,2024-07,3451000,r
SHA,2024-08,3007000,r
SHA,2024-09,2766000,r
SHA,2024-10,2596000,r
SHA,2024-11,2770000,r
SHA,2024-12,3477000,r
SHA,2025-01,3492000,r
SHA,2025-02,3561000,r
SHA,2025-03,4067000,r
SHA,2025-04,4396000,r
SHA,2025-05,4151000,r
SHA,2025-06,3788000,r
SHA,2025-07,3238000,r
SHA,2025-08,2852000,r
SHA,2025-09,2678000,r
SHA,2025-10,2547440,
SHA,2025-11,2681432,
SHA,2025-12,3295388,
SHA,2026-01,3642626,
SHA,2026-02,3822800,
SHA,2026-03,4090291,
SHA,2026-04,4140355,
SHA,2026-05,3950012,
SHA,2026-06,3557728,
SHA,2026-07,3054369,
SHA,2026-08,2629600,
SHA,2026-09,2447894,
SLS,2011-10,106148,
SLS,2011-11,85546,
SLS,2011-12,66159,
SLS,2012-01,50356,
SLS,2012-02,49283,
SLS,2012-03,59109,
SLS,2012-04,115514,
SLS,2012-05,138296,
SLS,2012-06,127374,
SLS,2012-07,110820,
SLS,2012-08,94924,
SLS,2012-09,77441,
SLS,2012-10,56352,
SLS,2012-11,42512,
SLS,2012-12,61314,
SLS,2013-01,56568,
SLS,2013-02,45145,
SLS,2013-03,40838,
SLS,2013-04,77590,
SLS,2013-05,112828,
SLS,2013-06,109288,
SLS,2013-07,89985,
SLS,2013-08,73629,
SLS,2013-09,58298,
SLS,2013-10,39394,
SLS,2013-11,19701,
SLS,2013-12,13694,
SLS,2014-01,13002,
SLS,2014-02,21400,r
SLS,2014-03,38900,r
SLS,2014-04,80600,r
SLS,2014-05,118282,
SLS,2014-06,105750,
SLS,2014-07,93163,
SLS,2014-08,73700,r
SLS,2014-09,54921,
SLS,2014-10,42370,
SLS,2014-11,24871,
SLS,2014-12,19613,
SLS,2015-01,11021,
SLS,2015-02,35148,
SLS,2015-03,45062,
SLS,2015-04,54180,
SLS,2015-05,59465,
SLS,2015-06,44743,
SLS,2015-07,36029,
SLS,2015-08,23149,
SLS,2015-09,10897,
SLS,2015-10,9605,
SLS,2015-11,11708,
SLS,2015-12,17314,
SLS,2016-01,25227,
SLS,2016-02,34399,
SLS,2016-03,64300,r
SLS,2016-04,109961,
SLS,2016-05,137000,r
SLS,2016-06,127889,
SLS,2016-07,115513,
SLS,2016-08,95510,
SLS,2016-09,80381,
SLS,2016-10,83093,
SLS,2016-11,73460,
SLS,2016-12,98600,
SLS,2017-01,99800,
SLS,2017-02,128211,
SLS,2017-03,110000,
SLS,2017-04,86868,
SLS,2017-05,120000,
SLS,2017-06,140000,
SLS,2017-07,131666,
SLS,2017-08,112990,
SLS,2017-09,96048,
SLS,2017-10,68688,
SLS,2017-11,53700,r
SLS,2017-12,28534,
SLS,2018-01,32243,
SLS,2018-02,34047,
SLS,2018-03,63752,
SLS,2018-04,116000,r
SLS,2018-05,138316,
SLS,2018-06,127687,
SLS,2018-07,112080,
SLS,2018-08,97570,
SLS,2018-09,64227,
SLS,2018-10,40900,r
SLS,2018-11,27459,
SLS,2018-12,19838,
SLS,2019-01,17108,
SLS,2019-02,33819,
SLS,2019-03,45073,
SLS,2019-04,67400,r
SLS,2019-05,96170,
SLS,2019-06,138192,
SLS,2019-07,118476,
SLS,2019-08,97028,
SLS,2019-09,77759,
SLS,2019-10,60415,
SLS,2019-11,42226,
SLS,2019-12,34211,
SLS,2020-01,15681,
SLS,2020-02,16959,
SLS,2020-03,24202,
SLS,2020-04,68270,
SLS,2020-05,136351,
SLS,2020-06,130913,
SLS,2020-07,116345,
SLS,2020-08,97102,
SLS,2020-09,74308,
SLS,2020-10,57252,
SLS,2020-11,37694,
SLS,2020-12,12976,
SLS,2021-01,6092,
SLS,2021-02,7839,
SLS,2021-03,9991,
SLS,2021-04,44966,
SLS,2021-05,78462,
SLS,2021-06,70877,
SLS,2021-07,60599,
SLS,2021-08,49531,
SLS,2021-09,39435,
SLS,2021-10,51282,
SLS,2021-11,52500,
SLS,2021-12,55462,
SLS,2022-01,43768,
SLS,2022-02,40222,
SLS,2022-03,52414,
SLS,2022-04,86026,
SLS,2022-05,134737,
SLS,2022-06,129800,
SLS,2022-07,113752,
SLS,2022-08,98532,
SLS,2022-09,81146,
SLS,2022-10,50244,
SLS,2022-11,19752,
SLS,2022-12,21831,
SLS,2023-01,45379,
SLS,2023-02,35752,
SLS,2023-03,39234,
SLS,2023-04,70870,
SLS,2023-05,131341,
SLS,2023-06,138030,
SLS,2023-07,121884,
SLS,2023-08,79912,
SLS,2023-09,40698,
SLS,2023-10,4825,
SLS,2023-11,4776,
SLS,2023-12,6417,
SLS,2024-01,9450,
SLS,2024-02,19549,
SLS,2024-03,34469,
SLS,2024-04,86167,
SLS,2024-05,125808,
SLS,2024-06,125215,
SLS,2024-07,102990,
SLS,2024-08,80812,
SLS,2024-09,61705,
SLS,2024-10,55297,
SLS,2024-11,26710,
SLS,2024-12,9455,
SLS,2025-01,5502,
SLS,2025-02,19779,
SLS,2025-03,38398,
SLS,2025-04,77230,
SLS,2025-05,125662,
SLS,2025-06,122616,
SLS,2025-07,99972,
SLS,2025-08,84138,
SLS,2025-09,69376,
SLS,2025-10,49836,
SLS,2025-11,45175,
SLS,2025-12,54473,
SLS,2026-01,68858,
SLS,2026-02,88027,
SLS,2026-03,131592,
SLS,2026-04,139049,
SLS,2026-05,131145,
SLS,2026-06,115956,
SLS,2026-07,96358,
SLS,2026-08,79295,
SLS,2026-09,60645,
STP,2011-10,201138,
STP,2011-11,199982,
STP,2011-12,198893,
STP,2012-01,199821,
STP,2012-02,199757,
STP,2012-03,201556,
STP,2012-04,208651,
STP,2012-05,203600,
STP,2012-06,188817,
STP,2012-07,181985,
STP,2012-08,176800,
STP,2012-09,173818,
STP,2012-10,171102,
STP,2012-11,169510,
STP,2012-12,175615,
STP,2013-01,171859,
STP,2013-02,168732,
STP,2013-03,167212,
STP,2013-04,164112,
STP,2013-05,147404,
STP,2013-06,136742,
STP,2013-07,132946,
STP,2013-08,126931,
STP,2013-09,124200,
STP,2013-10,122057,
STP,2013-11,118000,
STP,2013-12,114389,
STP,2014-01,111542,
STP,2014-02,110500,
STP,2014-03,101900,
STP,2014-04,90225,
STP,2014-05,73900,
STP,2014-06,63700,
STP,2014-07,60600,
STP,2014-08,58200,
STP,2014-09,56300,
STP,2014-10,54552,
STP,2014-11,53900,
STP,2014-12,57200,
STP,2015-01,51089,
STP,2015-02,52500,
STP,2015-03,46700,
STP,2015-04,42340,
STP,2015-05,39262,
STP,2015-06,37300,
STP,2015-07,34641,
STP,2015-08,31300,
STP,2015-09,29100,
STP,2015-10,28289,
STP,2015-11,27000,
STP,2015-12,27200,
STP,2016-01,29500,
STP,2016-02,37200,
STP,2016-03,63300,
STP,2016-04,88600,
STP,2016-05,105800,
STP,2016-06,102400,
STP,2016-07,90100,
STP,2016-08,87627,
STP,2016-09,85800,
STP,2016-10,88350,r
STP,2016-11,91620,r
STP,2016-12,113400,r
STP,2017-01,144700,r
STP,2017-02,174400,
STP,2017-03,180200,r
STP,2017-04,182200,r
STP,2017-05,207500,r
STP,2017-06,223400,r
STP,2017-07,223600,r
STP,2017-08,215800,r
STP,2017-09,212500,r
STP,2017-10,204630,
STP,2017-11,204300,
STP,2017-12,204200,
STP,2018-01,204400,
STP,2018-02,204500,
STP,2018-03,205607,
STP,2018-04,214500,
STP,2018-05,224092,
STP,2018-06,220002,
STP,2018-07,213449,
STP,2018-08,206324,
STP,2018-09,203365,
STP,2018-10,200945,
STP,2018-11,199341,
STP,2018-12,195500,
STP,2019-01,190777,
STP,2019-02,193254,
STP,2019-03,195656,
STP,2019-04,203041,
STP,2019-05,210364,
STP,2019-06,224435,
STP,2019-07,223031,
STP,2019-08,216829,
STP,2019-09,211986,
STP,2019-10,204400,r
STP,2019-11,203200,r
STP,2019-12,202600,r
STP,2020-01,201500,r
STP,2020-02,201000,r
STP,2020-03,198900,r
STP,2020-04,193400,r
STP,2020-05,180600,r
STP,2020-06,151300,r
STP,2020-07,132900,r
STP,2020-08,122300,r
STP,2020-09,116500,r
STP,2020-10,113000,r
STP,2020-11,108800,r
STP,2020-12,104700,r
STP,2021-01,101500,r
STP,2021-02,98040,r
STP,2021-03,91650,r
STP,2021-04,91870,r
STP,2021-05,93170,r
STP,2021-06,88770,r
STP,2021-07,85670,r
STP,2021-08,82460,r
STP,2021-09,80008,r
STP,2021-10,82760,r
STP,2021-11,85900,r
STP,2021-12,89800,r
STP,2022-01,93810,r
STP,2022-02,97410,r
STP,2022-03,109900,r
STP,2022-04,119400,r
STP,2022-05,123400,r
STP,2022-06,122000,r
STP,2022-07,118400,r
STP,2022-08,115400,r
STP,2022-09,110400,r
STP,2022-10,103100,r
STP,2022-11,97960,r
STP,2022-12,97030,r
STP,2023-01,103400,r
STP,2023-02,106200,r
STP,2023-03,114000,r
STP,2023-04,154100,r
STP,2023-05,206800,r
STP,2023-06,227100,r
STP,2023-07,227100,r
STP,2023-08,220300,r
STP,2023-09,212800,r
STP,2023-10,209000,r
STP,2023-11,203600,r
STP,2023-12,201800,r
STP,2024-01,197800,r
STP,2024-02,197800,r
STP,2024-03,202300,r
STP,2024-04,215700,r
STP,2024-05,218000,r
STP,2024-06,205000,r
STP,2024-07,191500,r
STP,2024-08,186200,r
STP,2024-09,182700,r
STP,2024-10,180300,r
STP,2024-11,175100,r
STP,2024-12,168600,r
STP,2025-01,161600,r
STP,2025-02,168600,r
STP,2025-03,172200,r
STP,2025-04,186900,r
STP,2025-05,188900,r
STP,2025-06,168200,r
STP,2025-07,155900,r
STP,2025-08,152200,r
STP,2025-09,149700,r
STP,2025-10,148454,
STP,2025-11,149446,
STP,2025-12,165800,
STP,2026-01,175795,
STP,2026-02,183039,
STP,2026-03,200340,
STP,2026-04,192405,
STP,2026-05,173247,
STP,2026-06,157204,
STP,2026-07,149823,
STP,2026-08,146111,
STP,2026-09,143451,
SVO,2011-10,768,
SVO,2011-11,1412,
SVO,2011-12,1947,
SVO,2012-01,2322,
SVO,2012-02,2577,
SVO,2012-03,3062,
SVO,2012-04,340,e
SVO,2012-05,340,
SVO,2012-06,340,
SVO,2012-07,340,
SVO,2012-08,340,
SVO,2012-09,340,
SVO,2012-10,340,
SVO,2012-11,666,
SVO,2012-12,1157,
SVO,2013-01,1593,
SVO,2013-02,1818,
SVO,2013-03,1869,
SVO,2013-04,475,
SVO,2013-05,1280,
SVO,2013-06,282,
SVO,2013-07,282,
SVO,2013-08,282,
SVO,2013-09,282,
SVO,2013-10,282,
SVO,2013-11,282,
SVO,2013-12,282,
SVO,2014-01,282,
SVO,2014-02,618,
SVO,2014-03,1447,
SVO,2014-04,282,
SVO,2014-05,282,
SVO,2014-06,282,
SVO,2014-07,282,
SVO,2014-08,282,
SVO,2014-09,282,
SVO,2014-10,232,
SVO,2014-11,282,
SVO,2014-12,1893,
SVO,2015-01,2074,
SVO,2015-02,2201,
SVO,2015-03,2104,
SVO,2015-04,282,
SVO,2015-05,282,
SVO,2015-06,282,
SVO,2015-07,282,
SVO,2015-08,282,
SVO,2015-09,282,
SVO,2015-10,355,
SVO,2015-11,340,
SVO,2015-12,395,
SVO,2016-01,1053,
SVO,2016-02,1423,
SVO,2016-03,1741,
SVO,2016-04,282,
SVO,2016-05,282,
SVO,2016-06,281,
SVO,2016-07,281,
SVO,2016-08,281,
SVO,2016-09,282,
SVO,2016-10,282,
SVO,2016-11,282,
SVO,2016-12,1172,
SVO,2017-01,4365,
SVO,2017-02,2642,
SVO,2017-03,2325,
SVO,2017-04,281,r
SVO,2017-05,281,
SVO,2017-06,281,
SVO,2017-07,281,
SVO,2017-08,281,
SVO,2017-10,281,
SVO,2017-11,281,
SVO,2017-12,281,
SVO,2018-01,357,
SVO,2018-02,299,
SVO,2018-03,1204,e
SVO,2018-04,281,
SVO,2018-05,281,
SVO,2018-06,281,
SVO,2018-07,281,
SVO,2018-08,281,
SVO,2018-09,281,
SVO,2018-10,281,
SVO,2018-11,347,e
SVO,2018-12,556,e
SVO,2019-01,2599,
SVO,2019-02,15502,
SVO,2019-03,19207,
SVO,2019-04,18131,
SVO,2019-05,7452,
SVO,2019-06,545,
SVO,2019-07,501,
SVO,2019-08,276,
SVO,2019-09,275,
SVO,2019-10,275,r
SVO,2019-11,275,r
SVO,2019-12,1128,r
SVO,2020-01,1350,
SVO,2020-02,1420,
SVO,2020-03,3364,
SVO,2020-04,567,
SVO,2020-05,522,
SVO,2020-06,515,
SVO,2020-07,470,
SVO,2020-08,464,
SVO,2020-09,336,
SVO,2020-10,290,
SVO,2020-11,484,
SVO,2020-12,489,
SVO,2021-01,512,
SVO,2021-02,1387,
SVO,2021-03,2268,
SVO,2021-04,475,
SVO,2021-05,275,
SVO,2021-06,275,
SVO,2021-07,275,
SVO,2021-08,275,
SVO,2021-09,275,
SVO,2021-10,275,
SVO,2021-11,275,
SVO,2021-12,2797,
SVO,2022-01,1271,
SVO,2022-02,661,
SVO,2022-03,975,
SVO,2022-04,664,
SVO,2022-05,275,
SVO,2022-06,275,e
SVO,2022-07,275,e
SVO,2022-08,322,
SVO,2022-09,316,
SVO,2022-10,275,
SVO,2022-11,1069,
SVO,2022-12,1709,
SVO,2023-01,4550,
SVO,2023-02,2925,
SVO,2023-03,3996,
SVO,2023-04,4744,r
SVO,2023-05,2285,
SVO,2023-06,1266,
SVO,2023-07,543,
SVO,2023-08,1671,
SVO,2023-09,1398,
SVO,2023-10,1784,
SVO,2023-11,3243,
SVO,2023-12,2860,
SVO,2024-01,3332,
SVO,2024-02,3419,
SVO,2024-03,3241,
SVO,2024-04,1799,
SVO,2024-05,1175,
SVO,2024-06,951,
SVO,2024-07,1903,
SVO,2024-08,1944,
SVO,2024-09,1895,
SVO,2024-10,2011,
SVO,2024-11,2217,
SVO,2024-12,3769,
SVO,2025-01,5000,e
SVO,2025-02,6378,e
SVO,2025-03,4211,e
SVO,2025-04,2965,e
SVO,2025-05,1878,e
SVO,2025-06,1862,e
SVO,2025-07,1523,
SVO,2025-08,1307,e
SVO,2025-09,1593,e
SVO,2025-10,2118,e
SVO,2025-11,5300,e
SVO,2025-12,1654,e
SVO,2026-01,3819,
SVO,2026-02,8235,
SVO,2026-03,4598,
SVO,2026-04,3549,e
SVO,2026-05,3250,e
SVO,2026-06,2940,e
SVO,2026-07,2627,e
SVO,2026-08,2616,
TRM,2011-10,22503,
TRM,2011-11,20216,
TRM,2011-12,14224,
TRM,2012-01,27985,
TRM,2012-02,40080,
TRM,2012-03,64544,
TRM,2012-04,131225,
TRM,2012-05,177405,
TRM,2012-06,128364,
TRM,2012-07,32541,
TRM,2012-08,16931,
TRM,2012-09,12911,
TRM,2012-10,11654,
TRM,2012-11,14233,
TRM,2012-12,18309,
TRM,2013-01,26238,
TRM,2013-02,26621,
TRM,2013-03,46104,
TRM,2013-04,77779,
TRM,2013-05,96272,
TRM,2013-06,58388,
TRM,2013-07,27376,
TRM,2013-08,19404,
TRM,2013-09,13878,
TRM,2013-10,9651,
TRM,2013-11,9765,
TRM,2013-12,11233,
TRM,2014-01,12415,
TRM,2014-02,17733,
TRM,2014-03,28555,
TRM,2014-04,53807,
TRM,2014-05,83203,
TRM,2014-06,45766,
TRM,2014-07,26760,
TRM,2014-08,20432,
TRM,2014-09,16815,
TRM,2014-10,14204,
TRM,2014-11,15922,
TRM,2014-12,22455,
TRM,2015-01,26261,
TRM,2015-02,42450,
TRM,2015-03,53641,
TRM,2015-04,61138,
TRM,2015-05,71884,
TRM,2015-06,48215,
TRM,2015-07,29826,
TRM,2015-08,23860,
TRM,2015-09,17883,
TRM,2015-10,15864,
TRM,2015-11,21268,
TRM,2015-12,21853,
TRM,2016-01,32260,
TRM,2016-02,35690,
TRM,2016-03,76112,
TRM,2016-04,106099,
TRM,2016-05,149259,
TRM,2016-06,125762,
TRM,2016-07,22771,
TRM,2016-08,12509,
TRM,2016-09,9795,
TRM,2016-10,10786,
TRM,2016-11,12941,
TRM,2016-12,21209,
TRM,2017-01,46596,
TRM,2017-02,98981,
TRM,2017-03,51640,
TRM,2017-04,83098,
TRM,2017-05,133222,
TRM,2017-06,172069,
TRM,2017-07,102779,
TRM,2017-08,17351,
TRM,2017-09,16617,
TRM,2017-10,17791,
TRM,2017-11,22190,
TRM,2017-12,14127,
TRM,2018-01,23932,
TRM,2018-02,29926,
TRM,2018-03,75385,
TRM,2018-04,159970,
TRM,2018-05,174717,
TRM,2018-06,100773,
TRM,2018-07,23399,
TRM,2018-08,14976,
TRM,2018-09,10879,
TRM,2018-10,10922,
TRM,2018-11,13353,
TRM,2018-12,21719,
TRM,2019-01,31876,
TRM,2019-02,21792,
TRM,2019-03,40040,
TRM,2019-04,128985,
TRM,2019-05,149064,
TRM,2019-06,179180,
TRM,2019-07,97961,
TRM,2019-08,28539,
TRM,2019-09,15240,
TRM,2019-10,14243,
TRM,2019-11,17042,
TRM,2019-12,30336,
TRM,2020-01,22224,
TRM,2020-02,29206,
TRM,2020-03,41153,
TRM,2020-04,88570,r
TRM,2020-05,141303,
TRM,2020-06,81700,
TRM,2020-07,22654,
TRM,2020-08,13963,
TRM,2020-09,10592,
TRM,2020-10,9414,
TRM,2020-11,10142,
TRM,2020-12,12350,
TRM,2021-01,15817,
TRM,2021-02,22531,
TRM,2021-03,30497,
TRM,2021-04,46246,
TRM,2021-05,62913,
TRM,2021-06,53771,
TRM,2021-07,31323,
TRM,2021-08,26452,
TRM,2021-09,21039,
TRM,2021-10,22606,
TRM,2021-11,25356,
TRM,2021-12,25244,
TRM,2022-01,29075,
TRM,2022-02,38778,
TRM,2022-03,57891,
TRM,2022-04,89623,
TRM,2022-05,119506,
TRM,2022-06,87437,
TRM,2022-07,34324,
TRM,2022-08,15503,
TRM,2022-09,11654,
TRM,2022-10,10496,
TRM,2022-11,15457,
TRM,2022-12,38181,
TRM,2023-01,43529,
TRM,2023-02,44356,
TRM,2023-03,125603,
TRM,2023-04,39990,
TRM,2023-05,108228,
TRM,2023-06,167034,
TRM,2023-07,159528,
TRM,2023-08,89685,
TRM,2023-09,27297,
TRM,2023-10,20311,
TRM,2023-11,24941,
TRM,2023-12,21019,
TRM,2024-01,33789,
TRM,2024-02,34929,
TRM,2024-03,58351,
TRM,2024-04,134151,
TRM,2024-05,185564,
TRM,2024-06,123156,
TRM,2024-07,33108,
TRM,2024-08,18297,
TRM,2024-09,16214,
TRM,2024-10,15722,
TRM,2024-11,24480,
TRM,2024-12,31728,
TRM,2025-01,38220,
TRM,2025-02,54656,
TRM,2025-03,81021,
TRM,2025-04,143269,
TRM,2025-05,185801,
TRM,2025-06,122618,
TRM,2025-07,29133,
TRM,2025-08,15297,
TRM,2025-09,14151,
TRM,2025-10,20273,
TRM,2025-11,28193,
TRM,2025-12,31478,
TRM,2026-01,36680,
TRM,2026-02,51408,
TRM,2026-03,101068,
TRM,2026-04,144727,
TRM,2026-05,175555,
TRM,2026-06,89840,
TRM,2026-07,33152,
TRM,2026-08,23456,
TRM,2026-09,20260,
UNV,2011-10,168868,
UNV,2011-11,158576,
UNV,2011-12,149343,
UNV,2012-01,153224,
UNV,2012-02,155622,
UNV,2012-03,195218,
UNV,2012-04,247068,
UNV,2012-05,260157,
UNV,2012-06,257361,
UNV,2012-07,236069,
UNV,2012-08,201637,
UNV,2012-09,174691,
UNV,2012-10,137902,
UNV,2012-11,143797,
UNV,2012-12,179862,
UNV,2013-01,192269,
UNV,2013-02,198175,
UNV,2013-03,222305,
UNV,2013-04,248987,
UNV,2013-05,255900,
UNV,2013-06,244312,
UNV,2013-07,216108,
UNV,2013-08,181711,
UNV,2013-09,164351,
UNV,2013-10,154191,
UNV,2013-11,142946,
UNV,2013-12,132028,
UNV,2014-01,124010,
UNV,2014-02,145591,
UNV,2014-03,168752,
UNV,2014-04,196908,
UNV,2014-05,220559,
UNV,2014-06,213393,
UNV,2014-07,190588,
UNV,2014-08,165564,
UNV,2014-09,155893,
UNV,2014-10,133859,
UNV,2014-11,139053,
UNV,2014-12,146666,
UNV,2015-01,140093,
UNV,2015-02,166804,
UNV,2015-03,185726,
UNV,2015-04,203348,
UNV,2015-05,216159,
UNV,2015-06,204148,
UNV,2015-07,182316,
UNV,2015-08,161428,
UNV,2015-09,149925,
UNV,2015-10,141796,
UNV,2015-11,134220,
UNV,2015-12,148814,
UNV,2016-01,164476,
UNV,2016-02,177955,
UNV,2016-03,221482,
UNV,2016-04,254061,
UNV,2016-05,258548,
UNV,2016-06,249237,
UNV,2016-07,227785,
UNV,2016-08,193683,
UNV,2016-09,170479,
UNV,2016-10,166131,
UNV,2016-11,163414,
UNV,2016-12,214200,r
UNV,2017-01,228200,r
UNV,2017-02,232187,
UNV,2017-03,229438,
UNV,2017-04,247598,
UNV,2017-05,248875,
UNV,2017-06,261156,
UNV,2017-07,254174,
UNV,2017-08,235091,
UNV,2017-09,223983,
UNV,2017-10,192912,
UNV,2017-11,195491,
UNV,2017-12,163476,
UNV,2018-01,169689,
UNV,2018-02,170009,
UNV,2018-03,213268,
UNV,2018-04,256383,
UNV,2018-05,259091,
UNV,2018-06,248153,
UNV,2018-07,228492,
UNV,2018-08,203034,
UNV,2018-09,179837,
UNV,2018-10,159581,
UNV,2018-11,158725,
UNV,2018-12,152601,
UNV,2019-01,159234,
UNV,2019-02,172932,
UNV,2019-03,210354,
UNV,2019-04,254202,
UNV,2019-05,262857,
UNV,2019-06,262539,
UNV,2019-07,255107,
UNV,2019-08,215377,
UNV,2019-09,181263,
UNV,2019-10,148200,r
UNV,2019-11,129000,r
UNV,2019-12,132900,r
UNV,2020-01,142900,r
UNV,2020-02,154900,r
UNV,2020-03,169900,r
UNV,2020-04,216300,r
UNV,2020-05,262800,r
UNV,2020-06,257600,r
UNV,2020-07,234700,r
UNV,2020-08,198700,r
UNV,2020-09,176300,r
UNV,2020-10,155000,r
UNV,2020-11,141000,r
UNV,2020-12,133000,r
UNV,2021-01,130000,r
UNV,2021-02,134000,r
UNV,2021-03,139000,r
UNV,2021-04,167000,r
UNV,2021-05,179000,r
UNV,2021-06,161000,r
UNV,2021-07,140000,r
UNV,2021-08,108000,r
UNV,2021-09,92300,r
UNV,2021-10,107000,r
UNV,2021-11,141000,r
UNV,2021-12,177000,r
UNV,2022-01,192000,r
UNV,2022-02,211000,r
UNV,2022-03,225000,r
UNV,2022-04,246000,r
UNV,2022-05,258000,r
UNV,2022-06,258000,r
UNV,2022-07,237000,r
UNV,2022-08,218000,r
UNV,2022-09,190000,r
UNV,2022-10,172200,r
UNV,2022-11,164900,r
UNV,2022-12,181000,r
UNV,2023-01,200000,r
UNV,2023-02,190700,r
UNV,2023-03,207500,r
UNV,2023-04,247600,r
UNV,2023-05,240000,r
UNV,2023-06,259900,r
UNV,2023-07,239200,r
UNV,2023-08,205600,r
UNV,2023-09,172600,r
UNV,2023-10,161800,r
UNV,2023-11,163700,r
UNV,2023-12,150700,r
UNV,2024-01,162900,r
UNV,2024-02,174700,r
UNV,2024-03,185800,r
UNV,2024-04,226200,r
UNV,2024-05,260700,r
UNV,2024-06,259200,r
UNV,2024-07,239700,r
UNV,2024-08,208400,r
UNV,2024-09,188000,r
UNV,2024-10,167100,r
UNV,2024-11,161000,r
UNV,2024-12,169700,r
UNV,2025-01,172800,r
UNV,2025-02,211600,r
UNV,2025-03,218300,r
UNV,2025-04,243900,r
UNV,2025-05,260000,r
UNV,2025-06,261200,r
UNV,2025-07,243100,r
UNV,2025-08,218300,r
UNV,2025-09,194700,r
UNV,2025-10,184684,
UNV,2025-11,169819,
UNV,2025-12,177295,
UNV,2026-01,184503,
UNV,2026-02,190151,
UNV,2026-03,215050,
UNV,2026-04,250272,
UNV,2026-05,262397,
UNV,2026-06,259551,
UNV,2026-07,240135,
UNV,2026-08,209933,
UNV,2026-09,172803,
WHI,2011-10,206654,
WHI,2011-11,205594,
WHI,2011-12,204268,
WHI,2012-01,205063,
WHI,2012-02,205446,
WHI,2012-03,224799,
WHI,2012-04,233581,
WHI,2012-05,236910,
WHI,2012-06,237069,
WHI,2012-07,238439,
WHI,2012-08,237577,
WHI,2012-09,233360,
WHI,2012-10,205004,
WHI,2012-11,207008,
WHI,2012-12,208373,
WHI,2013-01,206006,
WHI,2013-02,205446,
WHI,2013-03,206065,
WHI,2013-04,234528,
WHI,2013-05,238759,
WHI,2013-06,236783,
WHI,2013-07,236147,
WHI,2013-08,237704,
WHI,2013-09,236814,
WHI,2013-10,230800,
WHI,2013-11,205328,
WHI,2013-12,205063,
WHI,2014-01,204700,
WHI,2014-02,205947,
WHI,2014-03,208551,
WHI,2014-04,237514,
WHI,2014-05,236560,
WHI,2014-06,237228,
WHI,2014-07,237514,
WHI,2014-08,236274,
WHI,2014-09,236656,
WHI,2014-10,211772,
WHI,2014-11,206566,
WHI,2014-12,205564,
WHI,2015-01,204621,
WHI,2015-02,206860,
WHI,2015-03,204916,
WHI,2015-04,235829,
WHI,2015-05,239015,
WHI,2015-06,238503,
WHI,2015-07,238439,
WHI,2015-08,236973,
WHI,2015-09,237927,
WHI,2015-10,208521,
WHI,2015-11,204975,
WHI,2015-12,203946,
WHI,2016-01,210185,
WHI,2016-02,206890,
WHI,2016-03,231249,
WHI,2016-04,236878,
WHI,2016-05,231878,
WHI,2016-06,239079,
WHI,2016-07,238247,
WHI,2016-08,236560,
WHI,2016-09,238023,
WHI,2016-10,215744,
WHI,2016-11,207185,
WHI,2016-12,205476,
WHI,2017-01,214748,
WHI,2017-02,223503,
WHI,2017-03,220982,
WHI,2017-04,232351,
WHI,2017-05,237991,
WHI,2017-06,237132,
WHI,2017-07,236656,
WHI,2017-08,238151,
WHI,2017-09,237323,
WHI,2017-10,204180,
WHI,2017-11,204680,
WHI,2017-12,205800,
WHI,2018-01,205240,
WHI,2018-02,205888,
WHI,2018-03,207096,
WHI,2018-04,229182,
WHI,2018-05,238727,
WHI,2018-06,237609,
WHI,2018-07,238151,r
WHI,2018-08,233800,r
WHI,2018-09,236401,
WHI,2018-10,221197,
WHI,2018-11,207838,
WHI,2018-12,205859,
WHI,2019-01,207155,
WHI,2019-02,246724,
WHI,2019-03,215985,
WHI,2019-04,231124,
WHI,2019-05,239111,
WHI,2019-06,237323,
WHI,2019-07,236433,
WHI,2019-08,238055,
WHI,2019-09,237005,
WHI,2019-10,205400,r
WHI,2019-11,206900,r
WHI,2019-12,206600,r
WHI,2020-01,206900,r
WHI,2020-02,204700,r
WHI,2020-03,211400,r
WHI,2020-04,239100,r
WHI,2020-05,239000,r
WHI,2020-06,238300,r
WHI,2020-07,237400,r
WHI,2020-08,237200,r
WHI,2020-09,235300,r
WHI,2020-10,207100,r
WHI,2020-11,205800,
WHI,2020-12,204700,r
WHI,2021-01,206100,r
WHI,2021-02,205900,r
WHI,2021-03,206900,r
WHI,2021-04,230700,r
WHI,2021-05,231600,
WHI,2021-06,236900,r
WHI,2021-07,237100,r
WHI,2021-08,237700,r
WHI,2021-09,237500,r
WHI,2021-10,215700,r
WHI,2021-11,206100,r
WHI,2021-12,205600,r
WHI,2022-01,205700,r
WHI,2022-02,206700,r
WHI,2022-03,213200,r
WHI,2022-04,225400,r
WHI,2022-05,236700,r
WHI,2022-06,235200,r
WHI,2022-07,237200,r
WHI,2022-08,234000,r
WHI,2022-09,233800,r
WHI,2022-10,219400,r
WHI,2022-11,207800,r
WHI,2022-12,213800,r
WHI,2023-01,209800,r
WHI,2023-02,210800,r
WHI,2023-03,227900,r
WHI,2023-04,235900,r
WHI,2023-05,235400,r
WHI,2023-06,237500,r
WHI,2023-07,238100,r
WHI,2023-08,237600,r
WHI,2023-09,237600,r
WHI,2023-10,237900,r
WHI,2023-11,228600,r
WHI,2023-12,219400,r
WHI,2024-01,211800,r
WHI,2024-02,237700,r
WHI,2024-03,219100,r
WHI,2024-04,237000,r
WHI,2024-05,240100,r
WHI,2024-06,237000,r
WHI,2024-07,238500,r
WHI,2024-08,238200,r
WHI,2024-09,237700,r
WHI,2024-10,237400,r
WHI,2024-11,230500,r
WHI,2024-12,231700,r
WHI,2025-01,222500,r
WHI,2025-02,229500,r
WHI,2025-03,230500,r
WHI,2025-04,228600,r
WHI,2025-05,236600,r
WHI,2025-06,238800,r
WHI,2025-07,237100,r
WHI,2025-08,237500,r
WHI,2025-09,237500,r
WHI,2025-10,222639,
WHI,2025-11,204063,
WHI,2025-12,215714,
WHI,2026-01,207067,
WHI,2026-02,217600,
WHI,2026-03,203917,
WHI,2026-04,219328,
WHI,2026-05,239207,
WHI,2026-06,238503,
WHI,2026-07,236846,
WHI,2026-08,237700,
WHI,2026-09,237609,
WRS,2011-10,212141,
WRS,2011-11,206752,
WRS,2011-12,199038,
WRS,2012-01,205836,
WRS,2012-02,203429,
WRS,2012-03,235409,
WRS,2012-04,247398,
WRS,2012-05,243856,
WRS,2012-06,237651,
WRS,2012-07,230311,
WRS,2012-08,222803,
WRS,2012-09,215874,
WRS,2012-10,208309,
WRS,2012-11,217818,
WRS,2012-12,265209,
WRS,2013-01,250063,
WRS,2013-02,243331,
WRS,2013-03,236954,
WRS,2013-04,231046,
WRS,2013-05,223522,
WRS,2013-06,215874,
WRS,2013-07,207483,
WRS,2013-08,198671,
WRS,2013-09,190471,
WRS,2013-10,183216,
WRS,2013-11,174779,
WRS,2013-12,167157,
WRS,2014-01,160276,
WRS,2014-02,168897,
WRS,2014-03,182566,
WRS,2014-04,185569,
WRS,2014-05,179938,
WRS,2014-06,171770,
WRS,2014-07,163150,
WRS,2014-08,154880,
WRS,2014-09,147391,
WRS,2014-10,141146,
WRS,2014-11,136553,
WRS,2014-12,191296,
WRS,2015-01,189093,
WRS,2015-02,218354,
WRS,2015-03,216019,
WRS,2015-04,212740,
WRS,2015-05,207082,
WRS,2015-06,200095,
WRS,2015-07,192707,
WRS,2015-08,185198,
WRS,2015-09,178398,
WRS,2015-10,171271,
WRS,2015-11,163351,
WRS,2015-12,172810,
WRS,2016-01,232138,
WRS,2016-02,235589,
WRS,2016-03,247052,
WRS,2016-04,243909,
WRS,2016-05,239413,
WRS,2016-06,233616,
WRS,2016-07,226486,
WRS,2016-08,219357,
WRS,2016-09,212620,
WRS,2016-10,211514,
WRS,2016-11,217331,
WRS,2016-12,246443,
WRS,2017-01,269153,
WRS,2017-02,286266,
WRS,2017-03,251859,
WRS,2017-04,252424,
WRS,2017-05,245622,
WRS,2017-06,240219,
WRS,2017-07,233208,
WRS,2017-08,226186,
WRS,2017-09,219186,
WRS,2017-10,211925,
WRS,2017-11,205484,
WRS,2017-12,198557,
WRS,2018-01,207058,
WRS,2018-02,204034,
WRS,2018-03,219896,
WRS,2018-04,229830,
WRS,2018-05,225562,
WRS,2018-06,219504,
WRS,2018-07,211567,
WRS,2018-08,203475,
WRS,2018-09,195821,
WRS,2018-10,189559,
WRS,2018-11,186424,
WRS,2018-12,190448,
WRS,2019-01,243016,
WRS,2019-02,306862,
WRS,2019-03,256784,
WRS,2019-04,246469,
WRS,2019-05,248355,
WRS,2019-06,240844,
WRS,2019-07,233795,
WRS,2019-08,226511,
WRS,2019-09,219455,
WRS,2019-10,212452,
WRS,2019-11,205578,
WRS,2019-12,218208,
WRS,2020-01,224963,
WRS,2020-02,222828,
WRS,2020-03,218843,
WRS,2020-04,215583,
WRS,2020-05,211447,
WRS,2020-06,205203,
WRS,2020-07,196457,
WRS,2020-08,187921,
WRS,2020-09,180646,
WRS,2020-10,173270,
WRS,2020-11,164963,
WRS,2020-12,159010,
WRS,2021-01,157163,
WRS,2021-02,156108,
WRS,2021-03,154477,
WRS,2021-04,150241,
WRS,2021-05,139676,
WRS,2021-06,130071,
WRS,2021-07,122420,
WRS,2021-08,115684,
WRS,2021-09,109356,
WRS,2021-10,120037,
WRS,2021-11,121167,
WRS,2021-12,146232,
WRS,2022-01,152071,
WRS,2022-02,149104,
WRS,2022-03,145097,
WRS,2022-04,143250,
WRS,2022-05,139134,
WRS,2022-06,131576,
WRS,2022-07,124500,
WRS,2022-08,117171,
WRS,2022-09,110525,
WRS,2022-10,104124,
WRS,2022-11,97354,
WRS,2022-12,115128,
WRS,2023-01,238168,
WRS,2023-02,248115,
WRS,2023-03,271041,
WRS,2023-04,263875,
WRS,2023-05,260423,
WRS,2023-06,254611,
WRS,2023-07,247079,
WRS,2023-08,238998,
WRS,2023-09,231477,
WRS,2023-10,224217,
WRS,2023-11,218794,
WRS,2023-12,234051,
WRS,2024-01,261138,
WRS,2024-02,264875,
WRS,2024-03,266491,
WRS,2024-04,263709,
WRS,2024-05,259901,
WRS,2024-06,253287,
WRS,2024-07,245279,
WRS,2024-08,237910,
WRS,2024-09,231096,
WRS,2024-10,224291,
WRS,2024-11,254178,
WRS,2024-12,271748,
WRS,2025-01,250464,
WRS,2025-02,265070,
WRS,2025-03,264708,
WRS,2025-04,263875,
WRS,2025-05,259242,
WRS,2025-06,252720,
WRS,2025-07,245253,
WRS,2025-08,237109,
WRS,2025-09,229628,
WRS,2025-10,222927,
WRS,2025-11,221938,
WRS,2025-12,254395,
WRS,2026-01,253800,
WRS,2026-02,275501,
WRS,2026-03,263348,
WRS,2026-04,263487,
WRS,2026-05,260426,
WRS,2026-06,256057,
WRS,2026-07,247671,
WRS,2026-08,239543,
WRS,2026-09,232774,
WSN,2011-10,58561,
WSN,2011-11,60263,
WSN,2011-12,50022,
WSN,2012-01,44092,
WSN,2012-02,44800,r
WSN,2012-03,43500,r
WSN,2012-04,72100,r
WSN,2012-05,92800,r
WSN,2012-06,57900,r
WSN,2012-07,47300,r
WSN,2012-08,70800,r
WSN,2012-09,66207,
WSN,2012-10,56028,
WSN,2012-11,44155,
WSN,2012-12,40816,
WSN,2013-01,55517,
WSN,2013-02,49131,
WSN,2013-03,50705,
WSN,2013-04,46608,
WSN,2013-05,45222,
WSN,2013-06,45150,
WSN,2013-07,66127,
WSN,2013-08,45434,
WSN,2013-09,48588,
WSN,2013-10,51100,r
WSN,2013-11,57100,r
WSN,2013-12,51900,r
WSN,2014-01,44190,
WSN,2014-02,45140,
WSN,2014-03,52118,
WSN,2014-04,67356,
WSN,2014-05,50822,
WSN,2014-06,45427,
WSN,2014-07,85221,
WSN,2014-08,42965,
WSN,2014-09,50731,
WSN,2014-10,42695,
WSN,2014-11,37881,
WSN,2014-12,37671,
WSN,2015-01,36671,
WSN,2015-02,40748,
WSN,2015-03,37855,
WSN,2015-04,40308,
WSN,2015-05,54297,
WSN,2015-06,49400,r
WSN,2015-07,44500,r
WSN,2015-08,66800,r
WSN,2015-09,64800,r
WSN,2015-10,67752,
WSN,2015-11,49402,
WSN,2015-12,44067,
WSN,2016-01,38546,
WSN,2016-02,48454,
WSN,2016-03,50555,
WSN,2016-04,52536,
WSN,2016-05,97452,
WSN,2016-06,125256,
WSN,2016-07,103362,
WSN,2016-08,77415,
WSN,2016-09,72300,r
WSN,2016-10,62627,
WSN,2016-11,65923,
WSN,2016-12,48161,
WSN,2017-01,51821,
WSN,2017-02,51491,
WSN,2017-03,41932,
WSN,2017-04,50816,
WSN,2017-05,89013,
WSN,2017-06,120974,
WSN,2017-07,107111,
WSN,2017-08,118274,
WSN,2017-09,89290,
WSN,2017-10,69209,
WSN,2017-11,63816,
WSN,2017-12,51300,r
WSN,2018-01,52735,
WSN,2018-02,61250,
WSN,2018-03,66223,
WSN,2018-04,103775,
WSN,2018-05,120292,
WSN,2018-06,117091,
WSN,2018-07,109366,
WSN,2018-08,85784,
WSN,2018-09,85051,
WSN,2018-10,78758,
WSN,2018-11,72678,
WSN,2018-12,40400,
WSN,2019-01,49151,
WSN,2019-02,62200,r
WSN,2019-03,38267,
WSN,2019-04,65258,
WSN,2019-05,45600,r
WSN,2019-06,122000,r
WSN,2019-07,119000,r
WSN,2019-08,110000,r
WSN,2019-09,97300,r
WSN,2019-10,83000,r
WSN,2019-11,46500,r
WSN,2019-12,45800,r
WSN,2020-01,54500,r
WSN,2020-02,46200,r
WSN,2020-03,41700,r
WSN,2020-04,54700,r
WSN,2020-05,62800,r
WSN,2020-06,54100,r
WSN,2020-07,60300,r
WSN,2020-08,45600,r
WSN,2020-09,48000,r
WSN,2020-10,37300,r
WSN,2020-11,40800,r
WSN,2020-12,35200,r
WSN,2021-01,42600,r
WSN,2021-02,44600,r
WSN,2021-03,52900,r
WSN,2021-04,44100,r
WSN,2021-05,41100,r
WSN,2021-06,59200,r
WSN,2021-07,54600,r
WSN,2021-08,51400,r
WSN,2021-09,59500,r
WSN,2021-10,39100,r
WSN,2021-11,36200,r
WSN,2021-12,65800,r
WSN,2022-01,67600,r
WSN,2022-02,71800,r
WSN,2022-03,84600,r
WSN,2022-04,113000,r
WSN,2022-05,88400,r
WSN,2022-06,59700,r
WSN,2022-07,67800,r
WSN,2022-08,96900,r
WSN,2022-09,98900,r
WSN,2022-10,91400,r
WSN,2022-11,91300,r
WSN,2022-12,58100,r
WSN,2023-01,66500,r
WSN,2023-02,58700,r
WSN,2023-03,38500,r
WSN,2023-04,64200,r
WSN,2023-05,95200,r
WSN,2023-06,124000,r
WSN,2023-07,118000,r
WSN,2023-08,108000,r
WSN,2023-09,101000,r
WSN,2023-10,53300,r
WSN,2023-11,50700,r
WSN,2023-12,50600,r
WSN,2024-01,52500,r
WSN,2024-02,71700,r
WSN,2024-03,72800,r
WSN,2024-04,71500,r
WSN,2024-05,120000,r
WSN,2024-06,116000,r
WSN,2024-07,117000,r
WSN,2024-08,126000,r
WSN,2024-09,115000,r
WSN,2024-10,110000,r
WSN,2024-11,106000,r
WSN,2024-12,88800,r
WSN,2025-01,71500,r
WSN,2025-02,72100,r
WSN,2025-03,69200,r
WSN,2025-04,60400,r
WSN,2025-05,93900,r
WSN,2025-06,99300,r
WSN,2025-07,94100,r
WSN,2025-08,85800,r
WSN,2025-09,88100,r
WSN,2025-10,59173,
WSN,2025-11,47484,
WSN,2025-12,67248,
WSN,2026-01,81486,
WSN,2026-02,70798,
WSN,2026-03,98807,
WSN,2026-04,89975,
WSN,2026-05,113979,
WSN,2026-06,111112,
WSN,2026-07,100105,
WSN,2026-08,108887,
